,class,KNN_PAAC,KNN_DPC,ERT_CKSAAGP,KNN_AAC,ANN_DPC,ANN_AAC,KNN_CKSAAGP,KNN_PHYC,XGB_DPC
0,1,0.6,0.2,0.57,0.0,0.0011434211186215411,0.0843833821258683,0.0,0.2,0.049454201012849815
1,1,0.2,0.2,0.15,0.0,0.023611316135999597,0.7381469489534738,0.2,0.2,0.31945040822029114
2,1,0.4,0.0,0.41,0.0,0.9414113697098221,0.7087585908208972,0.4,0.6,0.8327032923698425
3,1,0.2,0.2,0.33,0.0,0.8899957065315245,0.19168787593935932,0.2,0.6,0.4690514504909515
4,1,0.0,0.2,0.23,0.0,0.0012136315139724652,0.008144529701935103,0.0,0.2,0.010292477905750276
5,1,0.2,0.2,0.36,0.4,0.010043893739783491,0.5290849277314708,0.2,0.4,0.08062005043029785
6,1,0.0,0.0,0.04,0.0,0.002435106538263161,0.002987782558102997,0.0,0.2,0.0018450560746714477
7,1,0.4,0.2,0.395,0.0,0.2972634216537535,0.025880094258550486,0.2,0.6,0.05194659903645515
8,1,0.0,0.0,0.0,0.2,0.04202793310425278,0.06028021974217127,0.2,0.2,0.5326116681098938
9,1,0.4,0.0,0.05,0.0,0.006337659759208892,0.0004147359345139084,0.0,0.0,0.31137749552726746
10,1,0.4,0.4,0.5,0.4,0.0005662073641640817,0.0058933939906333005,0.0,0.4,0.2828125357627869
11,1,0.0,0.0,0.14,0.0,6.444780147046682e-05,0.054648569179528865,0.4,0.0,0.0008885817951522768
12,1,0.0,0.0,0.18,0.0,0.06604437477174438,0.004000335005966528,0.2,0.0,0.11593637615442275
13,1,0.2,0.2,0.25,0.0,0.1371322099707041,0.4221672659412553,0.2,0.6,0.14842931926250458
14,1,0.6,0.8,0.37,0.4,0.11623584193500335,0.9121838776120004,0.0,0.6,0.8995022773742676
15,1,0.6,0.6,0.51,0.4,0.9996965874883808,0.7412925928145175,0.6,0.2,0.9937314391136168
16,1,0.6,0.6,0.71,0.6,0.977080961679948,0.5892580036355813,0.6,0.8,0.8391009569168091
17,1,0.8,0.6,0.91,0.8,0.9161026327498836,0.928528144211098,0.2,0.6,0.3392883837223053
18,1,0.4,0.4,0.53,0.4,0.01556157291613529,0.0729050056373923,0.2,0.6,0.4314886629581451
19,1,0.2,0.2,0.36,0.2,0.003249221578483033,0.3328207713960293,0.0,0.4,0.05251753330230713
20,1,0.6,0.8,0.45,0.4,0.910257873173448,0.7834837876940259,0.4,0.8,0.905157506465912
21,1,0.6,0.6,0.31,0.6,0.5482670976432571,0.9712305664788374,0.2,0.2,0.7491121888160706
22,1,0.6,0.4,0.22,0.2,0.01802361234408316,0.1562462250731715,0.0,0.2,0.8291299939155579
23,1,0.8,0.6,0.73,0.8,0.999975243817202,0.9899303251657718,0.4,0.4,0.9685440063476562
24,1,0.8,1.0,0.85,1.0,0.9998675588967636,0.999234443450823,0.4,0.4,0.9702566266059875
25,1,0.2,0.0,0.2,0.0,0.0037156347422468475,0.13641247610841772,0.0,0.6,0.011722555384039879
26,1,0.6,0.6,0.59,0.4,0.9711176636251194,0.7285760407916979,0.2,0.6,0.9832459688186646
27,1,0.8,0.2,0.27,0.8,0.0052208706458773905,0.398729266920674,0.2,0.4,0.7399515509605408
28,1,0.4,0.0,0.3,0.0,3.4294581887138124e-05,0.047152807131884085,0.0,0.2,0.021555952727794647
29,1,0.6,0.2,0.28,0.4,0.01973588352981684,0.5182252281659817,0.0,0.2,0.09378283470869064
30,1,0.6,0.2,0.39,0.6,0.6927551721423361,0.5763684404346378,0.2,0.8,0.20095770061016086
31,1,0.2,0.0,0.34,0.0,0.14071676201271618,0.013293918798446687,0.0,0.2,0.0063472194597125045
32,1,0.4,0.2,0.57,0.4,0.4766535709289453,0.21601584721454994,0.2,0.6,0.013309952802956104
33,1,0.4,0.2,0.43,0.4,0.030285701758241024,0.9196006015323468,0.4,0.4,0.006719968281686306
34,1,0.2,0.4,0.22,0.2,0.0006045925419627871,0.1571229924729195,0.0,0.4,0.002761861309409141
35,1,0.8,0.4,0.37,0.8,0.0047979754237015846,0.7320560421333052,0.2,0.2,0.14493146538734436
36,1,0.2,0.0,0.18,0.2,0.31168940060651423,0.09897796504918364,0.0,0.0,0.04455258324742317
37,1,1.0,1.0,0.98,1.0,0.9999938992913828,0.9765634816487996,1.0,1.0,0.9986873269081116
38,1,1.0,0.6,0.91,0.4,0.9999222851656556,0.8671693986734756,0.2,0.4,0.9910206198692322
39,1,0.4,0.0,0.76,0.2,0.007825822783152334,0.2904023522340588,0.4,0.6,0.4349406361579895
40,1,0.8,0.0,0.55,0.2,0.0012232108283319896,0.04267681292936009,0.4,0.6,0.9571992754936218
41,1,1.0,0.0,0.78,1.0,0.7939259701302387,0.9996105391188926,0.6,0.4,0.9904849529266356
42,1,1.0,1.0,0.87,1.0,0.9975715326259904,0.9919607746302096,1.0,0.8,0.9991833567619324
43,1,1.0,1.0,0.94,1.0,0.9966928785743212,0.9613462936070976,1.0,0.8,0.9943217039108276
44,1,0.8,0.2,0.62,0.8,7.742942842788459e-05,0.5357149036591091,0.4,0.6,0.044244851917028434
45,1,0.8,0.8,0.73,0.8,0.3699259781099643,0.9309795167430484,0.8,0.6,0.32580623030662537
46,1,0.6,0.4,0.62,0.6,0.9948887254715074,0.8886670736215707,0.8,0.0,0.8744612336158752
47,1,0.8,0.0,0.85,0.2,0.9819907844459546,0.9937423095366,0.6,0.4,0.9740964770317078
48,1,1.0,0.0,0.61,0.4,0.15051040501686894,0.9481572561642484,0.2,0.6,0.9514998197555542
49,1,1.0,0.8,0.86,0.4,0.9999932436447994,0.25253021138775283,0.4,0.2,0.9930610060691832
50,1,0.8,0.0,0.73,0.8,0.0003129572897922945,0.9999568386161533,0.8,0.6,0.7933278083801271
51,1,1.0,1.0,0.76,0.8,0.9999555500910424,0.9705959883460894,0.6,0.4,0.9798893332481384
52,1,0.8,0.8,0.89,1.0,0.8777923863336501,0.9911723685927964,0.4,0.6,0.7636902928352356
53,1,0.6,0.8,0.63,1.0,0.9999088521076512,0.9304290631302372,0.4,0.6,0.9690564274787904
54,1,0.6,1.0,0.59,1.0,0.9814724610880844,0.9717947192476925,0.8,1.0,0.9421508908271791
55,1,0.8,1.0,0.96,1.0,0.9999990458733884,0.9991715292078156,1.0,1.0,0.9919509887695312
56,1,1.0,1.0,1.0,1.0,0.9999982606309028,0.999544777529386,1.0,1.0,0.9999417066574096
57,1,1.0,1.0,0.98,1.0,0.9999998694146928,0.9991303863274764,1.0,1.0,0.99979430437088
58,1,1.0,1.0,0.83,1.0,0.9999899093264556,0.998017939020212,1.0,0.8,0.9961296319961548
59,1,1.0,1.0,0.86,1.0,0.9999447340695256,0.9848927788586002,1.0,0.8,0.9969991445541382
60,1,1.0,1.0,0.65,1.0,0.9999504246173724,0.9990493559382404,0.4,0.6,0.9848137497901917
61,1,0.8,0.0,0.36,0.0,9.15921066029085e-05,0.00032679530246315565,0.0,0.0,0.8583397269248962
62,1,1.0,1.0,0.91,1.0,0.9999257564866592,0.9949257509195678,1.0,1.0,0.9941220879554749
63,1,1.0,1.0,1.0,1.0,0.999999871710492,0.9999750025482912,1.0,1.0,0.99974125623703
64,1,1.0,0.6,0.7,0.8,0.7525013597935429,0.0494564666293817,1.0,0.8,0.7274344563484192
65,1,0.8,0.4,0.54,0.4,0.9277335396350694,0.02246535327870239,0.8,0.2,0.4333755075931549
66,1,0.8,1.0,0.66,1.0,0.9999952103992704,0.9973260682356676,0.4,1.0,0.986627995967865
67,1,1.0,1.0,0.99,1.0,0.9999990169887384,0.9998452659616334,1.0,1.0,0.9998935461044312
68,1,1.0,1.0,0.9,1.0,0.9989134068943674,0.9801751655671109,0.6,0.6,0.9699260592460632
69,1,1.0,1.0,0.56,1.0,0.9986941314121208,0.9887378303773884,0.6,0.8,0.962307333946228
70,1,0.4,0.2,0.33,0.0,0.045769659244929685,0.055843850598219384,0.0,0.4,0.8003950119018555
71,1,0.8,1.0,0.64,0.2,0.13599570971367525,0.01153394125546963,0.8,0.2,0.913560152053833
72,1,1.0,0.2,0.57,0.4,0.2284356871588049,0.061183968084814085,0.4,0.6,0.66780686378479
73,1,0.8,0.0,0.45,0.2,0.02156386390568221,0.40444086054850653,0.2,0.6,0.8963546156883241
74,1,1.0,0.0,0.85,0.4,0.06121623008782868,0.9775303670419794,0.4,0.4,0.7483486533164978
75,1,0.4,0.0,0.42,0.2,0.0029384690177887674,0.3404857098721638,0.0,0.2,0.9183598160743712
76,1,1.0,0.0,0.56,0.4,0.7954793340526742,0.2011082422988484,0.2,0.6,0.9484757781028748
77,1,0.8,0.0,0.73,0.2,0.0006452185025615894,0.9987129186660371,0.4,0.8,0.9407463669776917
78,1,1.0,0.8,0.64,0.8,0.9999678055105228,0.8163778251344541,0.4,1.0,0.9947127699851991
79,1,1.0,0.2,0.635,0.6,0.9999883234970084,0.9999496109323714,0.2,0.2,0.974242627620697
80,1,0.6,0.6,0.57,0.2,0.5471563905953108,0.512044679961554,0.4,0.0,0.18206658959388733
81,1,1.0,0.4,0.65,0.2,0.00032746256161503013,0.8979887765753805,0.2,0.0,0.8520433306694031
82,1,0.6,0.2,0.38,0.0,0.9327410374252242,0.04378792339883046,0.0,0.6,0.962621808052063
83,1,0.8,0.0,0.59,0.0,0.0011280311970906047,0.023888704775048227,0.0,1.0,0.2825354039669037
84,1,0.8,0.2,0.59,0.2,0.999407087461732,0.27180009877345623,0.0,0.2,0.8890612721443176
85,1,0.8,0.0,0.33,0.2,0.07488300287333613,0.1888843443470728,0.0,0.4,0.9796440601348876
86,1,1.0,0.2,0.6,0.4,0.8864624162622095,0.4650725702388595,0.4,0.6,0.8734817504882812
87,1,1.0,0.0,0.61,0.2,0.2534910868729962,0.9996435441827544,0.6,1.0,0.9627249836921692
88,1,1.0,0.0,0.59,0.6,0.9993308386181432,0.9935602190574804,0.4,1.0,0.9806219339370728
89,1,0.4,0.0,0.53,0.2,6.990283701513134e-05,0.663651600093349,0.6,0.2,0.031635168939828866
90,1,1.0,0.8,0.69,1.0,0.9982113851083676,0.9955107391927348,0.4,0.8,0.9646390080451964
91,1,1.0,1.0,0.97,1.0,0.9999994955455952,0.9911144989430788,1.0,1.0,0.9988024234771729
92,1,1.0,1.0,0.83,1.0,0.9996486316792502,0.9753483129283448,0.8,0.4,0.9856276512145996
93,1,1.0,1.0,0.87,1.0,0.9991576907860316,0.964628140971746,1.0,0.8,0.9910990595817566
94,1,0.8,0.4,0.62,0.6,0.9986667458552604,0.6803243728137305,0.4,0.4,0.9880546927452089
95,1,1.0,0.6,0.62,0.6,0.9485370656080518,0.2989453319506243,0.8,0.4,0.7380602359771729
96,1,1.0,1.0,0.88,1.0,0.9999913890487412,0.9781718901110468,1.0,1.0,0.9993426203727722
97,1,1.0,1.0,0.84,1.0,0.9999948908450268,0.9724386259804602,1.0,1.0,0.9994057416915894
98,1,1.0,1.0,0.95,1.0,0.999999752155346,0.9836528475256402,1.0,1.0,0.9997425675392152
99,1,1.0,1.0,0.98,1.0,0.9999998686236484,0.9930548508806644,1.0,0.8,0.9998291730880736
100,1,1.0,1.0,0.91,1.0,0.999996910039148,0.9665492852692924,1.0,0.8,0.9999253749847412
101,1,1.0,1.0,0.99,1.0,0.9999998555958568,0.9983760538416172,1.0,1.0,0.9997947812080384
102,1,1.0,1.0,1.0,1.0,0.9999994933679186,0.9997246568414688,1.0,1.0,0.9997542500495912
103,1,1.0,1.0,0.94,1.0,0.999997251000578,0.9955031637667054,1.0,0.8,0.9998728036880492
104,1,1.0,1.0,1.0,1.0,0.999999317094289,0.999153651817032,1.0,1.0,0.999835968017578
105,1,1.0,1.0,1.0,1.0,0.9999996085950792,0.999742673145694,1.0,1.0,0.9995885491371156
106,1,1.0,1.0,0.98,1.0,0.9999965378668731,0.9979079277318345,1.0,1.0,0.9997621178627014
107,1,1.0,1.0,1.0,1.0,0.999999369457275,0.9998968721971276,1.0,1.0,0.9999462366104126
108,1,1.0,1.0,1.0,1.0,0.9999993719722854,0.9999050096068478,1.0,1.0,0.9996033310890198
109,1,1.0,1.0,0.99,1.0,0.9999995959816751,0.9995249746393702,1.0,0.8,0.9996399879455566
110,1,1.0,1.0,0.95,1.0,0.9999963223377452,0.9981082041305366,1.0,1.0,0.9996904134750366
111,1,1.0,1.0,1.0,1.0,0.9999993868628548,0.9998040309761186,1.0,1.0,0.9996471405029296
112,1,1.0,1.0,0.98,1.0,0.9999952622960808,0.9794078477127738,1.0,1.0,0.9998847246170044
113,1,1.0,1.0,0.99,1.0,0.9999965585600741,0.9990980085434134,1.0,0.8,0.999444305896759
114,1,1.0,1.0,1.0,1.0,0.9999987988908074,0.9975787887936182,1.0,1.0,0.9999053478240968
115,1,1.0,1.0,1.0,1.0,0.9999988928566024,0.9974360014082828,1.0,1.0,0.9995768666267396
116,1,1.0,1.0,0.99,1.0,0.9999984387034966,0.9950193856947692,1.0,1.0,0.9997718930244446
117,1,1.0,1.0,0.98,1.0,0.9999996115665648,0.9970734842152834,1.0,1.0,0.9995859265327454
118,1,1.0,1.0,1.0,1.0,0.9999998629721376,0.9973551374791404,1.0,0.8,0.9994710087776184
119,1,1.0,1.0,1.0,1.0,0.9999992787513532,0.998982992090396,1.0,1.0,0.9995545744895936
120,1,1.0,1.0,1.0,1.0,0.9999975020464664,0.9997507174792368,1.0,1.0,0.9999384880065918
121,1,1.0,1.0,0.94,1.0,0.9999991539951184,0.9979996071549228,1.0,1.0,0.9991135001182556
122,1,1.0,1.0,0.98,1.0,0.9999997770244649,0.9980185857905508,1.0,1.0,0.9998912811279296
123,1,1.0,1.0,0.98,1.0,0.9999990361210944,0.9977245040438916,1.0,1.0,0.9996447563171388
124,1,1.0,1.0,0.69,1.0,0.011311148138203123,0.9983667575015868,1.0,1.0,0.769944429397583
125,1,1.0,0.8,0.69,1.0,0.9988530168682712,0.9919200724786428,0.8,0.6,0.8239787817001343
126,1,1.0,1.0,0.84,1.0,0.9998254214132152,0.9938336349818956,1.0,0.6,0.8642935156822205
127,1,1.0,0.8,0.86,1.0,0.9935901025369136,0.9935552178587818,1.0,1.0,0.9846624135971068
128,1,1.0,0.8,0.63,1.0,0.990727068926964,0.9871402844152044,0.6,0.8,0.9364647865295409
129,1,0.8,1.0,0.74,1.0,0.9998853832661936,0.9821816646648068,1.0,0.4,0.9923192858695984
130,1,1.0,0.8,0.92,1.0,0.9975864240002112,0.953127659062616,1.0,1.0,0.9925720095634459
131,1,0.8,0.4,0.79,1.0,0.9877171528974178,0.8447050185576777,0.6,0.6,0.7232529520988464
132,1,1.0,1.0,0.94,1.0,0.9999987761824314,0.9989893694727914,1.0,0.8,0.9998964071273804
133,1,0.0,0.0,0.35,0.0,0.006763240376459736,0.06607806660907528,0.2,0.2,0.6319987773895264
134,1,0.6,0.0,0.33,0.0,0.00016674270611566255,0.00022387456551155045,0.0,0.2,0.17539732158184052
135,1,0.4,0.0,0.51,0.4,0.008750739637519371,0.34803946925088025,0.0,0.4,0.6177657246589661
136,1,1.0,0.6,0.93,0.6,0.9999370174169244,0.9997223805794956,0.6,0.6,0.9816948771476746
137,1,0.4,1.0,0.93,0.6,0.9993126675849348,0.7724271484952651,1.0,0.6,0.9913560152053832
138,1,0.8,0.8,0.72,0.6,0.9994447838323268,0.8392170681178847,0.8,0.2,0.9867895245552064
139,1,0.8,0.8,0.67,0.8,0.999511504264454,0.9778608513525824,0.8,0.8,0.9383308887481691
140,1,1.0,0.4,0.66,0.8,0.9436753475188571,0.9909269831965544,0.2,0.4,0.8633849024772644
141,1,0.8,0.6,0.86,0.6,0.9955712197159942,0.9999897387613806,0.8,0.2,0.9924986958503724
142,1,1.0,0.4,0.52,0.4,0.002388554363994652,0.7163973517137635,0.2,0.6,0.881804347038269
143,1,0.6,1.0,0.84,1.0,0.9995536236055445,0.9552689316130204,1.0,1.0,0.9943828582763672
144,1,0.6,0.4,0.67,0.8,0.08679251413754269,0.9828468286667532,0.6,1.0,0.4060753285884857
145,1,0.2,0.2,0.32,0.4,0.014420346840701337,0.0006058295974199037,0.4,0.8,0.3929683864116669
146,1,1.0,1.0,0.99,1.0,0.9999999294081564,0.9999779405593716,1.0,1.0,0.9996497631072998
147,1,1.0,1.0,0.98,1.0,0.9999998927043472,0.9989967824775626,1.0,1.0,0.9998675584793092
148,1,0.8,0.6,1.0,0.6,0.9928209990581006,0.8204108090268606,0.6,0.4,0.967990517616272
149,1,1.0,1.0,0.95,1.0,0.999949891438874,0.9889669996302732,1.0,1.0,0.9972922205924988
150,1,1.0,1.0,0.87,1.0,0.9997697547429673,0.9978126414258816,1.0,1.0,0.9944000840187072
151,1,1.0,1.0,0.8,1.0,0.9971749081999968,0.9944234499947596,0.8,1.0,0.9942052960395812
152,1,1.0,1.0,1.0,1.0,0.9999987047395026,0.999741957757521,1.0,1.0,0.9998649358749391
153,1,0.6,0.8,1.0,0.6,0.9979700640297096,0.6920433925119064,0.8,0.6,0.9876247644424438
154,1,0.4,1.0,0.99,1.0,0.9948462660648952,0.9640917007024846,0.8,1.0,0.9837912321090698
155,1,1.0,0.4,0.98,1.0,0.9928276069273272,0.9980524487453056,1.0,1.0,0.9974040389060974
156,1,1.0,1.0,0.9,1.0,0.9823167672731996,0.9934804784071748,1.0,1.0,0.8854138255119324
157,1,1.0,0.2,0.75,0.4,0.9999046851010116,0.8952456022002978,0.2,0.8,0.9758388996124268
158,1,1.0,1.0,0.99,1.0,0.9999755609208449,0.9998147485667792,0.8,0.6,0.979973077774048
159,1,1.0,0.2,0.93,0.2,0.9976829933238904,0.4870824728460508,0.4,0.8,0.9799567461013794
160,1,1.0,0.6,0.68,0.8,0.9999969197856582,0.9999969024157066,0.6,0.8,0.98830646276474
161,1,0.8,1.0,0.99,1.0,0.9990034320830444,0.9751536940803234,0.8,0.8,0.9700248241424559
162,1,0.8,0.8,0.79,0.6,0.9927729172540024,0.9999998919399156,0.2,0.4,0.9946488738059998
163,1,1.0,0.2,1.0,0.6,0.9985221115372268,0.9668505734184027,0.6,0.8,0.97687429189682
164,1,1.0,0.0,1.0,0.4,0.6667917602936451,0.5474349301705899,0.4,0.2,0.9542535543441772
165,1,0.8,0.0,1.0,0.4,1.4877408790688844e-06,0.5275990603504536,0.4,0.4,0.2775500416755676
166,1,0.8,0.0,1.0,0.0,0.9246847439991288,9.82038127280827e-09,0.4,0.6,0.9389107823371888
167,1,0.2,0.0,1.0,0.4,3.0103595501867157e-05,0.0018595330861860644,0.4,0.2,0.853071928024292
168,1,1.0,0.8,0.87,1.0,0.9999093869757464,0.999481530803008,0.8,0.0,0.9774366021156312
169,1,1.0,0.2,1.0,0.6,0.998803766137417,0.97333478265275,0.6,0.8,0.9476041793823242
170,1,1.0,0.6,1.0,0.6,0.2473921236852501,0.2930403155883681,0.6,0.8,0.91596782207489
171,1,1.0,0.2,0.93,0.8,0.9994880461135688,0.9999963538921328,0.6,1.0,0.9572026133537292
172,1,1.0,0.4,1.0,0.8,0.013757176691390913,0.9999845698367918,0.8,0.4,0.8724218010902405
173,1,0.4,1.0,0.71,1.0,0.9973962007264484,0.9899934522386954,1.0,1.0,0.993249535560608
174,1,0.2,0.8,0.96,0.8,0.9930039001724136,0.8750700310797882,0.6,0.8,0.9688924551010132
175,1,1.0,0.8,0.68,1.0,0.9882776684534514,0.9977122906494436,1.0,0.8,0.7261541485786438
176,1,1.0,1.0,0.92,1.0,0.9999879875927792,0.9634326475048871,1.0,1.0,0.995214819908142
177,1,1.0,1.0,0.73,1.0,0.9999764497279078,0.9420333935847384,1.0,1.0,0.9927593469619752
178,1,1.0,1.0,0.92,1.0,0.9999946190384084,0.9786835947957137,1.0,1.0,0.9993451237678528
179,1,1.0,1.0,0.87,1.0,0.9999372239409248,0.995011228562208,1.0,1.0,0.9991188645362854
180,1,0.8,0.8,0.54,0.8,0.9785927593321784,0.8213050602653229,0.4,0.6,0.8421563506126404
181,1,1.0,0.0,0.7,0.4,0.8360753388113621,0.994718262036148,0.6,0.6,0.8456016778945923
182,1,1.0,0.6,0.52,1.0,0.033900596861908217,0.8246746646824863,0.4,1.0,0.41529965400695795
183,1,0.2,0.0,0.32,0.6,0.00029579632436545835,0.08674124878794316,0.2,0.4,0.0069154342636466035
184,1,0.4,0.0,0.49,0.4,0.05944884600594365,0.6287292551044475,0.6,0.8,0.91835618019104
185,1,0.4,0.2,0.58,0.4,0.15426774525834142,0.050545683504865775,0.6,0.4,0.1754169911146164
186,1,0.6,0.8,0.53,0.2,0.0173581050456652,0.14492224725118202,0.4,0.8,0.7602189183235168
187,1,1.0,0.6,0.95,1.0,0.9892272687501448,0.9954013274323096,0.8,1.0,0.9870190620422364
188,1,1.0,0.6,0.57,0.2,2.8364979477508213e-07,0.0019897167120405315,0.2,1.0,0.8273272514343262
189,1,1.0,0.2,0.38,0.2,2.3521581148812887e-09,0.6289803547870474,0.0,0.4,0.9410952925682068
190,1,0.6,0.0,0.65,0.0,3.1809371113738418e-06,0.0054979285235780976,0.0,0.8,0.4019196033477783
191,1,0.4,0.2,0.91,0.6,0.3006887580135405,0.5796448659376937,0.4,0.8,0.9638552665710448
192,1,0.0,0.0,0.68,0.2,0.0014608658619072068,0.005024260263396465,0.2,0.2,0.4508842527866364
193,1,0.6,1.0,0.93,1.0,0.9999999067459686,0.9754607086177828,1.0,0.6,0.9948463439941406
194,1,1.0,1.0,0.75,0.8,0.999992626171966,0.03189731543406076,1.0,0.8,0.995368719100952
195,1,0.6,0.6,0.72,0.8,0.08049005412504845,0.8619808928840159,0.4,0.0,0.7027150988578796
196,1,0.6,0.0,0.99,0.4,0.002969217338488093,0.9830484847792502,0.6,0.2,0.9014549255371094
197,1,0.8,1.0,0.96,0.6,0.9989882882905596,0.8690015210469972,1.0,0.6,0.9951600432395936
198,1,1.0,0.2,0.77,0.2,0.9999988991895976,0.9994994796254394,0.2,0.4,0.9848841428756714
199,1,1.0,0.4,0.67,1.0,0.13280592715243605,0.16099483543110835,1.0,0.8,0.951961636543274
200,1,1.0,0.6,0.69,0.4,0.9979296555383879,0.8669383136001455,0.0,0.2,0.9916856288909912
201,1,0.8,0.6,0.69,0.2,0.9999864155721035,0.8011291151040547,0.0,0.6,0.9936324954032898
202,1,0.8,1.0,0.93,0.8,0.9988149372539168,0.9602924454919004,1.0,0.6,0.9547523856163024
203,1,1.0,1.0,0.89,1.0,0.9967238050428092,0.9994379059512574,1.0,1.0,0.6171043515205383
204,1,1.0,0.6,0.89,1.0,0.9997084421316256,0.9982473980080712,1.0,1.0,0.8246537446975708
205,1,0.8,0.6,0.88,1.0,0.6470694910548477,0.9601337606949276,1.0,1.0,0.058666873723268516
206,1,1.0,0.8,0.58,0.6,0.9999767155765592,0.6904629968480226,0.4,1.0,0.9947127699851991
207,1,1.0,1.0,0.99,1.0,0.9999976828990692,0.9943601215860286,1.0,0.8,0.9994639754295348
208,1,1.0,1.0,0.99,1.0,0.999999876863692,0.9978139735750848,1.0,1.0,0.9998687505722046
209,1,0.8,0.6,0.94,0.4,0.9993093601556752,0.4253440312537933,0.4,0.2,0.967793107032776
210,1,0.8,0.8,0.66,1.0,0.9999912336256692,0.9957850844635716,0.4,0.2,0.9968336224555968
211,1,0.2,0.6,0.13,0.2,0.6103898259977788,0.2484066521465415,0.0,0.0,0.12213515490293506
212,1,1.0,0.2,0.58,0.2,0.4027570312174962,0.4560161623310786,0.4,0.6,0.4110817015171051
213,1,0.8,0.0,0.55,0.8,0.7703925891673735,0.9805470795694812,0.6,1.0,0.8218312859535217
214,1,0.8,0.6,0.67,0.6,0.6827570908642756,0.937764684553642,0.8,1.0,0.90224426984787
215,1,1.0,1.0,0.8,1.0,0.9990756965817922,0.94059807808897,1.0,1.0,0.9816395044326782
216,1,0.8,0.4,0.71,0.8,0.9990665014014574,0.9995869688917558,0.4,0.2,0.9982674121856691
217,1,1.0,0.4,0.65,0.8,0.0332629476039037,0.952347611720407,0.0,0.4,0.8955913186073303
218,1,0.6,1.0,0.16,0.2,0.9989077987279332,0.005290683994757482,0.0,0.2,0.9168789386749268
219,1,1.0,1.0,0.93,1.0,0.9999939123744019,0.9985659862026705,1.0,1.0,0.9974974989891052
220,1,0.8,1.0,0.83,1.0,0.9999979450930296,0.99985547567189,0.6,1.0,0.9739409685134888
221,1,0.4,0.4,0.385,0.6,0.8975388410984902,0.4962167132604672,0.2,0.6,0.9943302869796752
222,1,0.8,0.4,0.37,0.6,0.9640937713250292,0.2944365376405103,0.2,0.6,0.7726306915283203
223,1,0.0,0.2,0.52,0.4,0.9736325332516916,0.04765683345981578,0.4,0.0,0.7151118516921997
224,1,0.4,1.0,0.66,1.0,0.9988193856883965,0.9574695257891108,0.8,1.0,0.9941641688346864
225,1,1.0,1.0,0.82,0.8,0.99985242875029,0.9895783266186156,1.0,1.0,0.9881688952445984
226,1,0.8,1.0,0.15,0.6,0.9924794751878664,0.948926294311623,0.0,0.2,0.06653882563114166
227,1,1.0,1.0,0.93,1.0,0.9390788623177776,0.97772877575812,1.0,1.0,0.7515632510185242
228,1,1.0,0.0,0.72,0.4,0.9986086995492583,0.9989224307383259,0.6,0.4,0.9979034662246704
229,1,0.8,0.6,0.5,0.4,0.9873156239166772,0.1776034375770621,0.0,0.2,0.9532659649848938
230,1,1.0,1.0,0.64,0.0,0.9998724954736404,0.3978305272947104,0.4,1.0,0.9891571998596193
231,1,1.0,1.0,0.79,0.8,0.9999870511612255,0.9999999901288658,0.8,0.6,0.9955409169197084
232,1,1.0,0.8,0.36,0.8,0.5029452312312873,0.9716840087785285,0.2,0.6,0.9082092046737672
233,1,1.0,1.0,0.96,1.0,0.999970486739057,0.9991309033548812,1.0,0.8,0.924172341823578
234,1,0.4,0.8,0.29,1.0,0.9393895130272925,0.6915286383277209,0.4,0.6,0.09397054463624954
235,1,0.6,0.2,0.67,0.0,0.8088189108340882,0.5460490374714851,0.4,0.6,0.8016377091407776
236,1,0.2,0.2,0.57,0.2,0.563172035681105,0.9111303626057432,0.4,1.0,0.5868784785270691
237,1,1.0,1.0,0.83,0.8,0.999946006264865,0.9973957204011349,0.6,1.0,0.999289870262146
238,1,0.0,0.4,0.51,0.0,0.015445860096088091,0.09453615940827546,0.4,1.0,0.07440340518951416
239,1,1.0,0.4,0.93,1.0,0.9997362843028216,0.9999999523696756,0.6,0.8,0.9871249794960022
240,1,0.0,0.4,0.47,0.4,0.7647857043938266,0.954006967794518,0.2,0.4,0.4732063710689545
241,1,0.8,0.0,0.42,0.4,0.8237483581434445,0.9235147175693721,0.2,0.4,0.9828463196754456
242,1,0.6,0.6,0.38,0.4,0.9938439555908712,0.3015095771052737,0.0,0.4,0.4673615097999573
243,1,0.6,1.0,0.5,1.0,0.9999998689853644,0.9814282726512475,0.4,0.4,0.9632059931755066
244,1,1.0,0.6,0.78,0.8,0.0021848437792618067,0.6848886955898226,0.2,0.8,0.9349626302719116
245,1,1.0,0.8,0.7,1.0,0.9345879096732029,0.9895656754099418,0.8,1.0,0.9064201712608336
246,1,1.0,1.0,0.78,1.0,0.9999817720562932,0.9968670523377337,1.0,0.8,0.9777527451515198
247,1,0.6,0.8,0.73,1.0,0.9999275246103592,0.9979097188734536,0.8,0.4,0.9719831347465516
248,1,0.6,0.6,0.57,0.2,0.9542233042590726,0.8826199803019387,0.8,0.8,0.9373700618743896
249,1,1.0,1.0,0.8,1.0,0.9999965660853916,0.9885168132576764,1.0,0.8,0.9956940412521362
250,1,1.0,1.0,0.48,0.6,0.9999770474449892,0.7911524193947294,0.4,0.8,0.9965015649795532
251,1,1.0,1.0,0.76,1.0,0.9999710843338296,0.9368475048700576,0.2,0.6,0.994915008544922
252,1,0.2,0.6,0.27,0.2,0.5547659443521042,0.033219307954080395,0.0,0.0,0.5899797081947327
253,1,0.2,0.0,0.54,0.6,0.7174347446133638,0.9918617901495392,0.4,0.6,0.3767859935760498
254,1,0.8,0.2,0.39,0.6,0.997558872718208,0.9369069333774612,0.0,1.0,0.966093897819519
255,1,1.0,0.8,0.68,1.0,0.999919970187944,0.948643115350588,1.0,0.6,0.9967440366744996
256,1,0.8,0.6,0.75,0.6,0.9959818963517092,0.6621857639284678,1.0,0.8,0.9150401949882508
257,1,0.8,1.0,0.56,1.0,0.9997030638939008,0.8154011449291197,0.4,0.6,0.9291173219680786
258,1,0.8,0.0,0.46,0.6,0.11704769212552575,0.3727603575104133,0.0,0.8,0.5191265940666199
259,1,0.6,0.4,0.28,1.0,0.9877256856262712,0.9074638613924276,0.4,0.0,0.20937424898147586
260,1,0.2,0.0,0.44,0.2,0.03616338271598152,0.2551996788774411,0.2,0.6,0.5026789903640747
261,1,1.0,0.2,0.57,0.2,0.2553804626317195,0.98702779988544,0.2,0.6,0.27473920583724976
262,1,1.0,1.0,0.66,1.0,0.9742093387161668,0.9309301522684932,1.0,1.0,0.944344162940979
263,1,0.8,0.6,0.93,0.8,0.9999868211678148,0.9796730928563306,0.4,1.0,0.9745821952819824
264,1,1.0,1.0,0.6,1.0,0.9998427557916536,0.9733462353727568,0.4,1.0,0.9987503290176392
265,1,0.6,1.0,0.11,0.4,0.9775488474404268,0.007589346482571714,0.0,0.6,0.819502055644989
266,1,1.0,1.0,0.77,1.0,0.9999984677833584,0.9920586764144652,1.0,0.8,0.9729940891265868
267,1,1.0,0.8,0.84,1.0,0.9999999914340446,0.9999999491970588,0.2,0.4,0.9954902529716492
268,1,0.4,0.2,0.53,0.4,0.992153673514504,0.11313307722454047,0.0,0.4,0.8973997235298157
269,1,0.8,1.0,0.5,1.0,0.9902056770204865,0.9563508211079964,0.8,0.8,0.6654535531997681
270,1,0.6,1.0,0.19,0.8,0.8725851791621382,0.3361157662471431,0.6,0.8,0.3920345604419708
271,1,1.0,1.0,0.73,1.0,0.9999771957523158,0.9771450688965618,0.4,1.0,0.9969511032104492
272,1,0.8,0.4,0.99,0.4,0.9973249321812584,0.9998829880904349,0.6,0.8,0.8010104894638062
273,1,1.0,1.0,0.68,0.8,0.8677415127610717,0.8506459026853682,1.0,1.0,0.9655566811561584
274,1,1.0,0.8,0.78,0.8,0.9983103073532636,0.9688263921644744,0.6,0.6,0.9662912487983704
275,1,1.0,1.0,0.43,1.0,0.991361419080118,0.9836904529760124,0.8,0.2,0.6556448936462402
276,1,1.0,1.0,0.76,1.0,0.9999850759010254,0.9985187784676334,1.0,1.0,0.9971619844436646
277,1,1.0,0.8,0.81,1.0,0.9804674063032331,0.9605166497690808,0.8,0.6,0.5870630741119385
278,1,0.4,0.6,0.52,0.8,0.7799525622162662,0.8996911164195049,0.2,0.2,0.3776556551456451
279,1,0.0,0.2,0.57,0.2,0.17644193659868698,0.4330173261306376,0.4,0.6,0.30451110005378723
280,1,0.8,0.8,0.91,1.0,0.999875473228192,0.8764506372799256,0.4,0.8,0.9920851588249208
281,1,0.8,0.2,0.5,0.2,0.001307352574936278,0.02006997131567005,0.6,0.6,0.5679354667663574
282,1,0.2,0.8,0.58,1.0,0.9997880243039572,0.9985331206815616,0.8,0.2,0.6738723516464233
283,1,1.0,0.2,0.8,0.4,2.2733688302496688e-05,0.004243378803538317,0.4,1.0,0.9449698328971864
284,1,0.4,0.6,0.46,0.6,0.3337345171357509,0.8836784573102991,0.2,0.8,0.06218994781374931
285,1,0.6,0.2,0.58,0.2,0.12349339700876505,0.17745268078587528,0.4,0.2,0.2115312367677689
286,1,1.0,0.2,0.91,0.4,0.9997932885137027,0.9975046269984283,0.4,0.4,0.9662562608718872
287,1,1.0,1.0,0.89,1.0,0.9999532480010366,0.999657231174752,0.8,1.0,0.97492653131485
288,1,1.0,1.0,0.75,0.8,0.9974053538546334,0.4139512681871417,0.2,0.8,0.9911525845527648
289,1,0.4,0.2,0.37,0.2,0.145721336517548,0.2707475997196438,0.2,0.4,0.5452748537063599
290,1,1.0,1.0,0.71,1.0,0.9994836851983094,0.9912423944830128,0.8,1.0,0.976054310798645
291,1,1.0,1.0,0.89,1.0,0.999995870307852,0.9998475913247382,1.0,1.0,0.9911160469055176
292,1,0.6,0.0,0.53,0.4,0.2993021759838632,0.9725872617644828,0.4,0.2,0.703548789024353
293,1,0.6,1.0,0.83,1.0,0.999936243915044,0.2663440968526478,0.8,1.0,0.9935241937637328
294,1,0.0,0.4,0.7,0.2,0.033469694612547674,0.8128864978884824,0.4,0.4,0.5808907151222229
295,1,0.8,0.8,0.93,1.0,0.9970719662871756,0.9978413042130851,1.0,1.0,0.1491250991821289
296,1,0.8,1.0,0.62,1.0,0.9977124036904076,0.9336774595002868,1.0,1.0,0.9903330206871032
297,1,0.8,0.8,0.66,0.8,0.9977458715812332,0.9681586394086292,0.4,0.6,0.8587985038757324
298,1,0.2,0.0,0.4,0.2,0.2811538143068534,0.0671999292637493,0.0,0.0,0.4517065584659576
299,1,1.0,1.0,0.95,1.0,0.9996827363603068,0.9983820604477311,1.0,0.6,0.9933603405952454
300,1,0.6,1.0,0.85,0.8,0.9994189904823438,0.9981095071598876,0.6,0.6,0.814253032207489
301,1,0.8,0.2,0.99,0.2,0.9998494779145444,8.973130805899306e-07,0.8,0.6,0.961317241191864
302,1,0.0,0.6,0.6,0.0,0.9369316516705282,0.3108759954916243,0.2,0.8,0.6999439597129822
303,1,1.0,1.0,0.91,1.0,0.9999835362818048,0.9996408853272716,1.0,1.0,0.8651567101478577
304,1,1.0,1.0,0.72,1.0,0.9997908878319378,0.9877348881656228,0.6,1.0,0.9819058179855348
305,1,1.0,0.4,0.81,0.6,0.18416806688187468,0.0015723410815490766,0.4,0.8,0.7870725989341736
306,1,1.0,1.0,0.78,1.0,0.9999989955009484,0.9996221168324292,0.8,1.0,0.9765634536743164
307,1,0.6,0.6,0.59,0.2,0.9985183666731604,0.4767684081246412,0.2,0.8,0.86330646276474
308,1,0.2,0.0,0.87,0.0,0.9698408432912896,0.9588926965429164,0.8,0.8,0.9494666457176208
309,1,0.8,1.0,0.59,0.6,0.9846964534096356,0.8273018784318209,0.2,0.6,0.8839436769485474
310,1,0.8,0.4,0.71,0.4,0.02537659110386405,0.4069091021468799,0.4,0.4,0.22850510478019714
311,1,0.2,0.4,0.41,0.4,0.6979994659759843,0.3342720837459043,0.8,0.2,0.7355973720550537
312,1,0.6,0.4,0.48,0.0,0.4197076909217238,0.2041346171619749,0.4,0.8,0.4466667175292969
313,1,0.6,1.0,0.73,0.8,0.9999830886986848,0.9934657043063396,0.2,0.4,0.9932278990745544
314,1,0.8,0.6,0.44,0.2,0.9953402252848664,0.1275761109145819,0.6,0.6,0.7351766228675842
315,1,0.2,0.2,0.43,0.0,0.4700648853781657,0.09824856406531897,0.0,0.2,0.040708888322114944
316,1,1.0,1.0,0.86,0.8,0.961246101137152,0.9134980224642316,1.0,0.6,0.9648464918136596
317,1,1.0,0.0,0.53,0.4,0.9413573677263898,0.9986161467073656,0.2,0.2,0.984716296195984
318,1,0.8,1.0,0.48,1.0,0.9998773029179878,0.7810917904742007,0.4,0.6,0.10519201308488846
319,1,1.0,1.0,0.75,0.8,0.999898808958506,0.995964261404452,0.6,1.0,0.9513878226280212
320,1,0.8,0.8,0.74,0.6,0.9410419738850991,0.7675820715033015,1.0,0.8,0.9446158409118652
321,1,1.0,0.2,0.39,0.6,0.7628162025339505,0.7531717535123993,0.2,0.8,0.990571141242981
322,1,0.6,0.0,0.57,0.4,0.8880808156714337,0.9417779630256814,0.2,0.4,0.675946831703186
323,1,0.8,0.8,0.91,0.8,0.9999845007081684,0.9997468852258368,1.0,0.8,0.9876514673233032
324,1,0.4,1.0,0.39,0.4,0.5208685851149173,0.06133276552302741,0.6,0.2,0.8821731209754944
325,1,0.2,0.8,0.32,0.6,0.9803715167245092,0.968570095989426,0.4,0.0,0.7710667848587036
326,1,1.0,0.2,0.54,0.8,0.9350487049912084,0.9847881257176914,0.2,0.6,0.9629467129707336
327,1,1.0,1.0,0.85,1.0,0.9999977515036684,0.9975960069798272,1.0,1.0,0.9984194040298462
328,1,0.6,0.6,0.69,1.0,0.9999972736161608,0.9994363469125708,0.6,0.4,0.9979812502861024
329,1,0.2,0.4,0.22,0.4,0.8746081776951097,0.2430877483423304,0.0,0.6,0.989909529685974
330,1,0.6,0.6,0.41,0.2,0.6884262765352028,0.4558579013240406,0.0,0.2,0.9113206267356871
331,1,0.8,0.8,0.49,0.8,0.999773082534984,0.8919498370648163,0.2,0.6,0.9793423414230348
332,1,1.0,0.4,0.57,0.4,0.1272745046344784,0.5980512202748408,0.2,0.2,0.8605057001113892
333,1,1.0,0.2,0.65,0.4,7.31344149268678e-05,0.13944219924025514,0.0,0.2,0.9497540593147278
334,1,0.4,0.2,0.6,0.4,0.9957149899193102,0.2953169930653123,0.0,0.6,0.709549069404602
335,1,0.4,1.0,0.6,0.6,0.9993060204473092,0.7404767386512525,0.6,0.0,0.986505925655365
336,1,1.0,0.8,0.64,1.0,0.9958704315176484,0.9993335263149612,1.0,0.8,0.9910147786140442
337,1,0.8,0.6,0.63,0.4,0.16325441487838827,0.10372755991705564,0.2,0.4,0.2377656698226929
338,1,1.0,1.0,0.89,1.0,0.9999997215128794,0.996841956641227,1.0,0.8,0.9969682097434998
339,1,1.0,0.8,0.92,1.0,0.9957043293241334,0.9989158495353216,1.0,1.0,0.9076533913612366
340,1,0.4,0.6,0.56,0.6,0.6171848483341583,0.8985337288938617,0.6,0.4,0.562968909740448
341,1,0.4,0.4,0.6,0.2,0.003852859418005293,0.4199210802595181,1.0,0.8,0.2248038500547409
342,1,1.0,1.0,0.78,1.0,0.9996906353192536,0.9993013004383914,1.0,0.8,0.9976341724395752
343,1,0.8,1.0,0.34,1.0,0.9451969751101826,0.6670605921962149,0.2,0.4,0.15395238995552066
344,1,0.4,0.0,0.58,0.4,0.3159930751191665,0.7856288823701262,0.2,0.2,0.20654237270355225
345,1,0.6,1.0,0.81,0.8,0.9953642400768592,0.30150180152907785,1.0,1.0,0.98319673538208
346,1,0.8,0.4,0.38,0.4,0.5544255782973002,0.1504073726756361,0.2,0.6,0.05195195227861405
347,1,0.6,0.4,0.43,0.4,0.9773803572854493,0.4536926103636338,0.4,0.4,0.19842156767845154
348,1,0.8,1.0,0.87,1.0,0.9990517236977556,0.9416711374733224,1.0,1.0,0.8962048292160034
349,1,0.6,0.2,0.29,1.0,0.08816295971055836,0.6177014291884483,0.0,0.0,0.5149524211883545
350,1,1.0,0.6,0.93,0.2,0.7614466109689001,0.5365379703443559,0.4,0.8,0.9765705466270448
351,1,1.0,0.6,0.62,0.4,0.0056401398541101825,0.5880879572098152,0.6,0.4,0.10502438992261888
352,1,0.8,1.0,0.76,1.0,0.999969761420654,0.9833495455921352,0.8,1.0,0.9750182032585144
353,1,0.6,1.0,0.65,1.0,0.9991734068209269,0.9384071043393026,0.2,0.6,0.9931679368019104
354,1,1.0,0.6,0.77,0.8,0.9999908779185608,0.9870919161847174,1.0,0.6,0.9923645257949828
355,1,0.8,0.4,0.6,0.6,0.3891540752655897,0.961093081884467,0.2,0.8,0.9557625055313109
356,1,1.0,0.4,0.76,0.0,0.9999957979769306,0.7962325066426459,0.6,0.8,0.9918342828750609
357,1,1.0,1.0,0.68,1.0,0.7268150734463581,0.9488967148365122,0.4,1.0,0.9045140743255616
358,1,1.0,0.0,0.72,1.0,0.8434560184754946,0.9861022983287646,0.6,0.4,0.6836271286010742
359,1,1.0,1.0,0.9,1.0,0.9999957160816464,0.9942772797990694,1.0,1.0,0.9927754402160645
360,1,1.0,0.8,0.84,0.8,0.9463255723436672,0.8543531487787888,0.8,1.0,0.7842946648597717
361,1,0.8,1.0,0.59,0.8,0.9999235162679014,0.9886702704437134,0.0,1.0,0.997026026248932
362,1,1.0,0.8,0.73,0.6,0.9999688325772882,0.8246346329835597,1.0,0.6,0.74162358045578
363,1,1.0,0.2,0.62,0.4,0.04214089635463057,0.9562241528147124,0.6,0.4,0.5320233106613159
364,1,0.8,1.0,0.46,0.8,0.27547891675897823,0.994883145605224,0.2,0.2,0.7798762917518616
365,1,1.0,1.0,0.93,1.0,0.9999958163037992,0.9997998678294604,1.0,1.0,0.998804211616516
366,1,1.0,0.8,0.8,1.0,0.5914073553559975,0.9923785004505284,1.0,1.0,0.3635571897029877
367,1,1.0,1.0,0.82,1.0,0.9999899077660886,0.9988726826787816,1.0,1.0,0.9910778999328612
368,1,0.8,1.0,0.61,0.4,0.9999374495298532,0.026713416369238633,0.6,0.6,0.9188445806503296
369,1,1.0,0.2,0.53,0.6,0.9870718862978451,0.9528097785668044,0.2,0.6,0.8415049910545349
370,1,0.6,1.0,0.59,0.8,0.9999996526099568,0.7620484541488631,0.4,0.4,0.9977769255638124
371,1,0.8,1.0,0.74,0.6,0.9869856250541,0.8233966338795413,1.0,1.0,0.972097873687744
372,1,0.8,0.8,0.56,0.8,0.9996574359715988,0.9208695176437109,0.6,0.0,0.8004219532012941
373,1,0.8,0.0,0.53,0.2,0.001570338917907793,0.4546399089303324,0.2,0.0,0.2662214338779449
374,1,0.8,0.8,0.84,1.0,0.999984370015234,0.9953032305322554,0.8,0.8,0.9967053532600404
375,1,0.4,0.8,0.565,0.8,0.9622092933624694,0.8056072224799359,0.4,0.0,0.8903058767318726
376,1,1.0,1.0,0.75,1.0,0.9999803273993172,0.9864616469876288,0.6,1.0,0.99891197681427
377,1,1.0,1.0,0.82,1.0,0.9860520246134362,0.8846232382583782,1.0,1.0,0.9809380173683168
378,1,1.0,0.4,0.67,0.0,0.9910743749965668,0.0013568781851537616,0.8,0.4,0.9865592718124391
379,1,0.8,0.8,0.53,1.0,0.9993952961055692,0.7037116223851954,0.6,0.6,0.9944854378700256
380,1,1.0,0.4,0.85,0.6,0.030559240415350394,0.9998792200978156,0.8,0.6,0.5604581236839294
381,1,0.8,0.4,0.43,0.2,0.9580506910165868,0.5121076723239236,0.4,0.8,0.6956619620323181
382,1,1.0,0.4,0.67,0.4,0.1189995877189047,0.6733663324918034,0.4,0.2,0.9308356642723083
383,1,0.2,0.2,0.46,0.4,0.4066909012265893,0.7837222663841131,0.2,0.2,0.11576374620199205
384,1,1.0,0.8,0.7,0.4,0.999963336700933,0.9608561569261646,0.4,0.8,0.9915531277656556
385,1,1.0,1.0,0.69,1.0,0.9994096613721424,0.959878673092035,0.8,1.0,0.6530584692955017
386,1,0.8,0.4,0.73,1.0,0.9931678345474632,0.4181195134953021,0.2,0.4,0.983695149421692
387,1,1.0,1.0,0.88,1.0,0.9999993541339806,0.9996660998146252,0.6,0.4,0.9914094805717468
388,1,1.0,0.6,0.98,0.6,0.9999810127571359,0.994975930260665,0.4,0.4,0.9872053861618042
389,1,0.6,1.0,0.95,1.0,0.9999999965696832,0.9978474177255414,1.0,0.6,0.9935063123703004
390,1,1.0,1.0,0.68,1.0,0.9753100074073756,0.8695446815115488,0.8,0.6,0.9943578839302064
391,1,0.4,0.8,0.28,0.6,0.23257657957450464,0.7124062621869415,0.2,0.6,0.6046910285949707
392,1,0.8,0.4,0.48,0.4,0.1734243756139736,0.10066563350113313,0.4,0.6,0.6750606298446655
393,1,0.6,0.8,0.67,1.0,0.99505320392348,0.9927991362874832,0.6,0.6,0.5256624817848206
394,1,1.0,0.8,0.76,1.0,0.9967176968495348,0.9817529727307938,1.0,1.0,0.8323490023612976
395,1,1.0,1.0,0.85,1.0,0.9999716214274844,0.9999976294398708,0.6,1.0,0.9965097308158876
396,1,1.0,0.0,0.52,0.4,0.19113494884360496,0.9282362581084399,0.2,0.4,0.9294264316558838
397,1,0.4,0.8,0.79,1.0,0.993960258564032,0.9994745904923402,0.8,0.4,0.8971683979034424
398,1,0.8,1.0,0.64,1.0,0.9720324354133888,0.9996361576903128,0.2,0.6,0.9633181095123292
399,1,0.8,0.6,0.28,0.6,0.9760177867683344,0.9343562439566476,0.2,0.4,0.7582702040672302
400,1,0.8,0.4,0.71,0.4,0.970830271519505,0.9999794010940241,0.0,0.6,0.9767416715621948
401,1,1.0,0.8,0.81,1.0,0.9799709498808884,0.997488275959569,1.0,0.6,0.9086053371429444
402,1,0.4,0.8,0.37,0.6,0.9996711739574832,0.9685233988734234,0.2,0.4,0.16113726794719696
403,1,0.6,0.8,0.58,0.6,0.9993273338707116,0.9043801810327364,0.6,0.6,0.9609167575836182
404,1,1.0,1.0,0.89,1.0,0.9999909700468748,0.9950499519936598,1.0,1.0,0.9967451095581056
405,1,0.6,0.4,0.51,1.0,0.9996945722285796,0.8528937597636321,0.6,1.0,0.9877404570579528
406,1,0.4,1.0,0.35,0.6,0.9999843400585652,0.8824456231568713,0.2,0.6,0.9854571223258972
407,1,1.0,1.0,0.48,1.0,0.7898914583538446,0.9653870384341292,0.2,0.2,0.6403964161872864
408,1,0.8,1.0,0.29,0.8,0.9766627287733888,0.12940737963805887,0.0,0.6,0.7553455233573914
409,1,0.2,0.6,0.48,0.2,0.7286010080488391,0.029645868191645768,0.2,0.0,0.5016013383865356
410,1,1.0,0.2,0.74,0.8,0.8241352903220774,0.9611232772603948,0.6,0.4,0.9289538860321044
411,1,0.6,0.4,0.49,0.8,0.919829954338057,0.9946731424185196,0.2,1.0,0.8827151656150818
412,1,1.0,1.0,0.72,1.0,0.9510698976874616,0.8796683072294563,0.6,1.0,0.9120879769325256
413,1,0.2,0.4,0.62,0.4,0.9744362541621272,0.8091520327900235,0.4,0.4,0.9118973016738892
414,0,0.6,1.0,0.77,0.6,0.00283320677551063,0.9999907034866024,0.4,0.2,0.1734141707420349
415,0,0.0,0.2,0.65,0.0,6.68613001181304e-06,3.1592215192585005e-06,0.4,0.2,0.02565968967974186
416,0,0.6,0.2,0.21,0.0,0.0101102822063049,0.004481592155783447,0.0,0.2,0.016590852290391922
417,0,0.0,0.4,0.09,0.0,9.857129629658337e-05,0.00011462163506462456,0.0,0.4,0.010520316660404205
418,0,0.2,0.0,0.11,0.0,0.004750089594633725,5.188251595237179e-05,0.0,0.4,0.09546364098787308
419,0,0.0,0.2,0.2,0.0,8.694329422027425e-06,0.0017197295336938664,0.2,0.4,0.007764983922243119
420,0,0.0,0.0,0.23,0.0,1.5195203128968304e-06,0.00011862135535087244,0.4,0.2,0.0002378742210566997
421,0,0.2,0.0,0.03,0.0,5.7499935403519385e-05,0.003903642919012403,0.0,0.2,0.004010251257568598
422,0,0.4,0.0,0.0,0.2,2.145708802089689e-06,0.0033820742659899177,0.0,0.4,0.004913416691124439
423,0,0.0,0.0,0.08,0.0,9.660441899848356e-05,1.3336082862973779e-05,0.0,0.4,0.01644977368414402
424,0,0.6,0.6,0.67,0.4,0.9944738422631167,0.965093234637422,0.4,0.4,0.8016148209571838
425,0,0.0,0.0,0.0,0.0,0.18106253233511627,0.0004004215884137265,0.0,0.4,0.2103308141231537
426,0,0.2,0.2,0.07,0.2,3.974784558293423e-05,0.004312929792056433,0.0,0.2,0.01540925819426775
427,0,0.4,0.2,0.54,0.8,0.044876037942465814,0.03529377225863462,0.2,0.4,0.3469299077987671
428,0,0.4,0.0,0.58,0.4,0.004795588525310496,0.049425211003202685,0.0,0.4,0.4495380222797394
429,0,0.6,0.0,0.44,0.2,0.0003347591773263707,0.0712532528933153,0.4,0.2,0.5407348275184631
430,0,0.2,0.4,0.23,0.0,1.898467149802696e-05,0.005496223790942832,0.2,0.4,0.00016106468683574351
431,0,0.2,0.0,0.68,0.2,0.975736388981332,0.9964537581727484,0.6,0.8,0.7324619293212891
432,0,0.0,0.2,0.08,0.0,0.0016984248177417311,0.0006647188864683447,0.2,0.0,0.31492680311203003
433,0,0.8,0.4,0.375,0.2,0.19290619371086648,0.3336171865652691,0.0,0.6,0.31400176882743835
434,0,1.0,0.4,0.8,1.0,0.3328155382904241,0.9988606396779608,0.6,0.4,0.9619414806365968
435,0,0.2,0.0,0.19,0.2,0.008824917768975921,0.17676199925002029,0.0,0.0,0.0027148653753101826
436,0,0.6,0.0,0.49,0.2,0.030911156034605907,0.0003060777825905415,0.2,0.4,0.3737223744392395
437,0,0.2,0.0,0.47,0.2,0.0007051134529763863,0.007936191683623138,0.6,0.0,0.0052889976650476464
438,0,0.8,0.0,0.62,0.2,0.8946142700994427,0.921367407725144,0.2,0.6,0.8913627862930298
439,0,0.4,0.0,0.39,0.2,1.3767141509290963e-05,0.6575077061108558,0.0,0.2,0.2282356023788452
440,0,0.0,0.2,0.03,0.0,0.00034317374956949946,0.006613027043114925,0.0,0.4,0.09170898795127867
441,0,0.4,0.0,0.63,0.2,0.17058683452501106,0.15073752863874948,0.2,0.4,0.9263272285461426
442,0,0.2,0.0,0.32,0.2,5.797656354740498e-06,0.0034675739112499204,0.6,0.2,0.0012803954305127265
443,0,0.2,0.2,0.22,0.0,0.010361658509263443,0.04617975595171647,0.0,0.8,0.1582118570804596
444,0,0.6,0.4,0.06,0.8,0.015585069345147287,0.8840554611456716,0.2,0.6,0.4947667419910431
445,0,0.2,0.4,0.28,0.2,0.15401384864204215,0.3830696195028553,0.0,0.4,0.1938042938709259
446,0,0.0,0.0,0.41,0.0,0.6535951750758738,0.18359119041372013,0.0,0.2,0.4084513783454895
447,0,0.0,0.2,0.14,0.2,0.0057970830683271865,0.01664596092563207,0.0,0.2,0.00640823133289814
448,0,0.0,0.0,0.35,0.0,0.0018020679884527566,0.011610045142890909,0.2,0.2,0.09681349992752077
449,0,0.0,0.2,0.04,0.0,0.0004782541531076536,0.003687355792632925,0.0,0.4,0.08007106184959413
450,0,0.0,0.0,0.08,0.0,0.0001081222514879044,0.02080643132065799,0.0,0.0,0.019736768677830696
451,0,1.0,0.2,0.54,0.0,0.0020457938695006704,0.021031352610188757,0.4,0.4,0.568709135055542
452,0,1.0,0.0,0.49,0.2,0.04247644338207319,0.1778883775498634,0.0,0.6,0.05689370259642601
453,0,0.2,0.0,0.14,0.0,0.0003131005330363482,0.013302088805078964,0.2,0.2,0.02618232928216457
454,0,0.4,0.0,0.39,0.2,1.5300366980049447e-05,0.05519681870345616,0.0,0.4,0.020033732056617737
455,0,0.8,0.2,0.33,0.2,0.00793262204410646,0.19155756688244616,0.2,0.0,0.5478032231330872
456,0,0.4,0.4,0.18,0.4,0.0017455434256097456,0.16517979896661567,0.2,0.2,0.19696317613124847
457,0,0.0,0.0,0.16,0.0,0.0002096499440836428,0.0001956702031427493,0.4,0.0,0.0015293413307517767
458,0,0.8,0.8,0.49,0.8,0.027911480699561172,0.09776683138726563,0.4,0.4,0.6510236859321594
459,0,0.8,0.4,0.62,0.4,0.7806197356321111,0.9271892836144228,0.4,1.0,0.830702543258667
460,0,0.6,0.2,0.36,0.6,3.876493846905556e-06,0.6234340608469561,0.2,0.4,0.008792554959654808
461,0,0.4,0.2,0.41,0.4,0.03185228765228959,0.5621583216380331,0.4,0.8,0.6399891376495361
462,0,0.0,0.0,0.07,0.0,0.002934021876425291,0.004406491935371679,0.0,0.0,0.014180856756865978
463,0,0.6,0.2,0.33,0.4,0.005367489919501382,0.6065857657306801,0.0,0.6,0.0946197584271431
464,0,0.2,0.4,0.39,0.0,0.2384885094276413,0.054689267474395516,0.2,0.0,0.9200684428215028
465,0,0.0,0.0,0.2,0.2,0.000608671142973194,0.616433303976498,0.0,0.6,0.13857242465019226
466,0,0.6,0.2,0.13,0.8,0.0423314687235254,0.5095843463032014,0.2,0.4,0.3835138976573944
467,0,0.2,0.0,0.2,0.0,0.0005002151474765975,0.10420732327984636,0.0,0.4,0.024031825363636017
468,0,0.4,0.8,0.47,0.6,0.9909970598065504,0.9747426359356676,0.4,0.0,0.5621694922447205
469,0,0.0,0.2,0.15,0.0,0.0001610291807398782,0.013042295051732216,0.2,0.2,0.0208649430423975
470,0,0.4,0.2,0.57,0.2,0.12714412926623336,0.031018876712465133,0.2,0.2,0.2384350299835205
471,0,0.0,0.0,0.22,0.0,0.0008422864788798591,0.013098684802189026,0.0,0.2,0.005808278918266296
472,0,0.0,0.0,0.06,0.0,0.01120809530166988,0.034230975212828536,0.0,0.0,0.19763454794883728
473,0,0.0,0.0,0.0,0.2,0.009804280244499648,0.0427845843287936,0.2,0.8,0.0141359968110919
474,0,0.0,0.0,0.0,0.4,0.010303659841243065,0.09628766984983744,0.2,0.8,0.010488552041351795
475,0,0.2,0.0,0.2,0.0,0.0001844239806579352,0.01187929017346275,0.2,0.2,0.04645248875021935
476,0,0.4,0.0,0.46,0.4,0.6311028135884373,0.9735538335145021,0.2,0.8,0.15838515758514404
477,0,0.2,0.0,0.0,0.0,0.0005592936665127782,0.002071982926168162,0.0,0.0,0.01057175546884537
478,0,0.0,0.0,0.0,0.0,0.0021266547601713373,0.041913052719741495,0.0,0.2,0.028012439608573917
479,0,0.6,0.0,0.43,0.6,0.010533891873367037,0.9277665814140872,0.0,0.8,0.9060454368591307
480,0,0.0,0.0,0.11,0.2,5.6965634114507276e-06,0.004191513495660488,0.0,0.4,0.0031821434386074547
481,0,0.2,0.4,0.32,0.4,0.07488358058189233,0.1880131176024709,0.4,0.6,0.12603157758712769
482,0,0.0,0.0,0.0,0.0,4.734896920126483e-05,0.005779983545856586,0.0,0.0,0.0039772517047822475
483,0,0.0,0.0,0.0,0.0,0.00022425425727627012,0.009077707868530991,0.0,0.0,0.009218751452863216
484,0,0.6,0.2,0.54,0.6,0.7066414588932509,0.9913773640911316,0.2,1.0,0.7083242535591125
485,0,0.2,0.2,0.76,0.2,0.9669899853085506,0.3495020297856082,0.4,0.2,0.4228234887123108
486,0,0.0,0.4,0.45,0.0,0.7763523542225996,0.3327670579742299,0.0,0.4,0.8221198320388794
487,0,0.0,0.0,0.23,0.0,0.00015909823459917192,0.0023866796982766076,0.0,0.0,0.0008497604285366832
488,0,0.2,0.0,0.15,0.0,0.0005168336334255019,0.06485541602669201,0.0,0.2,0.0024036739487200967
489,0,0.0,0.0,0.22,0.0,3.0414353806238048e-05,0.00033035107841613686,0.0,0.2,0.008827765472233295
490,0,0.2,0.6,0.31,0.0,0.5540779759447472,0.33815050026812216,0.0,0.4,0.7139855027198792
491,0,0.6,0.0,0.27,0.8,0.9543094123749292,0.037439309592737786,0.2,0.2,0.2140868306159973
492,0,0.4,0.4,0.245,0.4,0.0019192906234668933,0.4902069231510985,0.0,0.4,0.008970918133854866
493,0,0.4,0.4,0.38,0.0,0.6240750886382359,0.120780775799756,0.2,0.6,0.4499243795871735
494,0,0.6,0.2,0.43,0.4,0.32549521581694657,0.056766071724824015,0.4,0.6,0.24458713829517365
495,0,0.6,0.2,0.29,0.0,0.05105637781093195,0.12251825779018327,0.0,0.8,0.24563494324684146
496,0,0.2,0.2,0.26,0.2,0.0003304576854990953,0.057673793881730995,0.2,0.0,0.06262937188148499
497,0,0.4,0.0,0.0,0.2,4.765991213210036e-05,0.4879089665641277,0.6,0.6,0.012147187255322931
498,0,0.2,0.2,0.13,0.0,0.00023991789302470277,0.12136896309501573,0.2,0.6,0.016966283321380615
499,0,0.2,0.2,0.27,0.0,0.0007772346252299487,0.08811894991679818,0.2,0.0,0.009590193629264832
500,0,0.4,0.0,0.0,0.2,1.040048193624351e-05,0.2683170833445238,0.6,0.6,0.008601829409599304
501,0,0.4,0.2,0.07,0.0,0.0009967767976176503,0.2552865243281117,0.2,0.0,0.06646983325481415
502,0,0.2,0.0,0.0,0.2,0.0011384927247372033,0.049649391302406816,0.4,0.8,0.03802058845758438
503,0,0.2,0.2,0.145,0.0,0.01188307279994238,0.4306230064042076,0.2,0.2,0.05172447487711906
504,0,0.2,0.2,0.62,0.0,0.4560533184851052,0.4025945333080028,0.2,0.6,0.23644471168518064
505,0,0.0,0.0,0.24,0.2,0.00015862007636984482,0.056893900264084675,0.2,0.2,0.057111389935016625
506,0,0.0,0.0,0.24,0.2,0.001601677777600461,0.01921456970605336,0.2,0.0,0.126522496342659
507,0,0.4,0.6,0.33,0.2,0.00018964556308394132,0.6801549296821443,0.0,0.2,0.05414290353655815
508,0,0.0,0.2,0.26,0.0,8.6750809379688e-06,0.02546573460794006,0.0,0.2,0.0004689121269620955
509,0,0.2,0.6,0.34,0.4,0.05598160924250793,0.8504338630319763,0.2,0.2,0.044415418058633804
510,0,0.6,0.6,0.35,0.4,0.011580680341420024,0.8027784180968256,0.0,0.6,0.07601241022348404
511,0,0.6,0.6,0.51,0.4,0.07281157180194488,0.1421006565396179,0.8,0.2,0.05207174271345138
512,0,0.2,0.0,0.31,0.2,0.6692578025528619,0.5880578096695649,0.2,0.2,0.4421133697032929
513,0,0.6,0.2,0.18,0.0,0.867238291430451,0.011112061297169584,0.0,0.4,0.990145981311798
514,0,0.0,0.2,0.11,0.0,0.0064221811880323465,0.2841873847481335,0.2,0.2,0.08983753621578218
515,0,0.4,0.2,0.07,0.2,0.002762683203945826,0.2880279314854093,0.4,0.0,0.0715753510594368
516,0,0.4,0.8,0.31,0.6,0.16233202781332154,0.5222904576294923,0.2,0.6,0.30297553539276123
517,0,0.6,0.0,0.235,0.4,0.0010189555546693283,0.006815475779221414,0.0,0.2,0.0038300610613077883
518,0,0.6,0.2,0.52,1.0,0.05703772633808976,0.7336765582485837,0.2,0.6,0.012175755575299265
519,0,0.2,0.2,0.11,0.2,5.126095942615984e-05,0.6636598361420772,0.2,0.2,0.013931674882769585
520,0,0.0,0.2,0.32,0.0,0.1589947254603338,0.028984430594658613,0.0,1.0,0.037878330796957016
521,0,0.2,0.0,0.3,0.4,0.5828840871957385,0.8330632780080791,0.0,0.2,0.3997623324394226
522,0,0.2,0.4,0.28,0.4,0.0008724743288754809,0.28602787537262914,0.2,0.4,0.010296645574271679
523,0,0.0,0.4,0.35,0.0,0.004178911470110092,0.32922633849118305,0.2,0.6,0.006435805931687355
524,0,0.2,0.2,0.0,0.2,0.0002730145317712467,0.06337479137974224,0.2,0.0,0.003858311101794243
525,0,0.4,0.8,0.39,0.6,0.9790391216052009,0.9037352902851374,0.4,0.4,0.6224770545959473
526,0,0.0,0.2,0.27,0.0,0.041062425903039636,0.01263808031933822,0.0,0.0,0.6431109309196472
527,0,0.2,0.0,0.37,0.0,0.009158277897533764,0.07433178848150647,0.0,0.6,0.5433217883110046
528,0,0.2,0.4,0.08,0.4,0.03982445552443386,0.978849413678228,0.0,0.6,0.28059738874435425
529,0,0.0,0.0,0.03,0.2,0.0006047853606983589,0.0731154223906768,0.0,0.0,0.006855704821646214
530,0,0.6,0.8,0.18,0.6,0.23302049986516485,0.22828166334854205,0.0,0.0,0.16538682579994202
531,0,0.6,0.2,0.28,0.0,0.012896127631473029,0.8409235652353558,0.0,0.6,0.4198572337627411
532,0,0.0,0.0,0.04,0.0,0.0014908364558690241,0.14907957134538588,0.0,0.2,0.008897156454622746
533,0,0.2,0.0,0.47,0.4,5.204806063557605e-06,0.034730117787535784,0.2,0.4,0.0024567225482314825
534,0,0.4,0.2,0.05,0.4,0.002407154636088853,0.1264376245454921,0.0,0.6,0.016843728721141815
535,0,0.0,0.2,0.25,0.0,0.12195291656871315,0.06572748980972705,0.2,0.4,0.07374516129493712
536,0,0.0,0.0,0.185,0.0,1.1557631267160809e-06,0.0002838233002830018,0.0,0.0,0.004242348484694958
537,0,0.4,0.2,0.49,0.4,0.04094577525589097,0.2665331306625618,0.6,0.8,0.10732173174619676
538,0,0.2,0.2,0.45,0.0,0.00771079322026519,0.4527165299637157,0.4,0.6,0.011413339525461195
539,0,0.4,0.6,0.15,0.6,0.015363591167545888,0.10907578997373904,0.0,0.4,0.09033229202032088
540,0,0.0,0.4,0.51,0.0,0.003097165952914825,0.13694739252106866,0.2,0.4,0.0073483893647789955
541,0,0.2,0.4,0.565,0.4,0.012240251754922538,0.7897420269737525,0.4,0.4,0.1787000596523285
542,0,0.2,0.0,0.39,0.0,0.030976072372199976,0.005950959351313829,0.0,0.6,0.7084550261497498
543,0,0.2,0.0,0.18,0.2,0.0011960294476407232,0.045307748809520806,0.0,0.6,0.037122353911399834
544,0,0.0,0.2,0.31,0.0,0.011989677479033593,0.03495678116370105,0.0,0.4,0.06256584078073503
545,0,0.4,0.0,0.495,0.2,0.04432046944435767,0.09159077176487393,0.6,0.6,0.1997385025024414
546,0,0.2,0.2,0.0,0.2,0.001163774399030558,0.24800956934587204,0.2,0.0,0.012525554746389387
547,0,0.0,0.0,0.17,0.0,0.016853792034498685,0.05537870376294768,0.0,0.6,0.005252192728221417
548,0,0.4,0.4,0.42,0.4,0.7616612819145873,0.8208600965696564,0.0,0.4,0.5643488764762878
549,0,0.2,0.2,0.11,0.2,0.23442587827996803,0.08080811149203318,0.2,0.4,0.5526618361473083
550,0,0.0,0.2,0.22,0.2,0.0008666673511938543,0.010166352263248626,0.0,0.0,0.08915898948907852
551,0,0.0,0.2,0.41,0.0,0.14297128285731706,0.1731740373108988,0.2,0.6,0.0865512415766716
552,0,0.0,0.2,0.49,0.0,0.038170350275719724,0.12327008549449694,0.0,0.8,0.22398781776428225
553,0,0.0,0.0,0.13,0.0,8.676187541881206e-06,0.005899184656842817,0.0,0.0,0.0017021496314555409
554,0,0.0,0.0,0.39,0.2,0.0462041023159684,0.004182186043228145,0.8,0.4,0.0021989212837070227
555,0,0.0,0.0,0.43,0.0,0.0016286781530903734,0.14186898971485154,0.2,0.4,0.055876802653074265
556,0,0.0,0.0,0.2,0.2,0.14790484830965275,0.00697658603168833,0.2,0.2,0.055772997438907616
557,0,0.2,0.2,0.15,0.0,0.0006620283846848256,0.17237379598764285,0.0,0.2,0.0183721836656332
558,0,0.0,0.2,0.57,0.4,0.001894588282848448,0.14605897928536712,0.4,0.6,0.0351024754345417
559,0,0.2,0.0,0.495,0.4,0.4208800540652316,0.6363404748286671,0.4,0.2,0.08704154193401338
560,0,0.8,0.2,0.56,0.4,0.6543911385311939,0.4045013898423672,0.0,0.2,0.6205372214317322
561,0,0.2,0.0,0.18,0.2,0.006079688194231028,0.08502612469841518,0.0,0.2,0.013641075231134892
562,0,0.0,0.4,0.17,0.0,0.0112746722315821,0.004649103827772954,0.0,0.0,0.011843082495033741
563,0,0.0,0.0,0.19,0.0,0.04636660210454645,0.013132834932004334,0.2,0.0,0.021672757342457768
564,0,0.0,0.2,0.4,0.0,0.0015297543024232452,0.11509469330518235,0.0,0.2,0.3306275308132172
565,0,0.8,0.4,0.31,0.4,0.29092906787634565,0.7883040463706023,0.2,0.4,0.007768210023641586
566,0,0.0,0.4,0.24,0.2,0.0081003829557404,0.1633912465156588,0.0,0.6,0.07309261709451675
567,0,0.4,0.2,0.44,0.6,0.6533671615310764,0.04582997827044588,0.4,0.4,0.6278688311576843
568,0,0.0,0.4,0.38,0.0,0.17740442261766284,0.013531693676124943,0.2,0.8,0.008679513819515705
569,0,0.0,0.2,0.11,0.0,0.0025654536700739656,0.051226136829359115,0.0,0.0,0.03740211948752403
570,0,0.0,0.2,0.38,0.0,0.0028059185522698892,0.3419048327604974,0.0,0.6,0.0040748449973762035
571,0,0.0,0.0,0.26,0.2,0.0010070538679054911,0.008488527654115296,0.0,0.0,0.0021597810555249453
572,0,0.0,0.0,0.01,0.0,0.011891004521336802,0.07393823840159107,0.6,0.2,0.0380740687251091
573,0,0.0,0.2,0.04,0.2,0.015249990718630715,0.08261670078285056,0.8,0.4,0.020469047129154202
574,0,0.2,0.0,0.16,0.2,0.05449932349379425,0.0177980832818359,0.0,0.6,0.031233021989464763
575,0,0.0,0.4,0.34,0.0,0.008030889270600191,0.06614317640824124,0.0,0.8,0.07238876074552536
576,0,0.0,0.0,0.22,0.2,0.00013130120466859442,0.009805701694676192,0.0,0.6,0.014835565350949763
577,0,0.6,0.2,0.32,0.6,0.00497217124711997,0.31551310125013515,0.4,0.8,0.4772136807441712
578,0,0.2,0.6,0.32,0.0,0.0018362439195555265,0.10837561785031094,0.8,0.0,0.01633705571293831
579,0,0.0,0.6,0.2,0.2,0.3429403199858223,0.06416919802003074,0.4,0.6,0.4546167850494385
580,0,1.0,0.6,0.68,0.8,0.9962983687624049,0.9119010498167952,0.8,1.0,0.9814708828926086
581,0,0.6,0.4,0.34,0.4,0.6748177184084589,0.7913766707573299,0.0,0.2,0.1512758731842041
582,0,0.0,0.2,0.11,0.0,0.0215015579409192,0.013121358858357168,0.0,0.2,0.044393975287675864
583,0,0.2,0.0,0.33,0.0,2.0902866699754185e-05,0.023690928775284708,0.0,0.4,0.001660262467339635
584,0,0.4,0.2,0.22,0.2,0.00572108855214383,0.02296321497718148,0.0,0.0,0.04310547932982445
585,0,0.0,0.2,0.25,0.0,0.00031475858253837886,0.08149263869620403,0.0,0.2,0.0011182260932400825
586,0,0.0,0.2,0.26,0.0,0.00955712294483355,0.12183989015986756,0.2,0.0,0.004144107922911644
587,0,1.0,0.4,0.42,0.8,0.17298653749920498,0.9708518962144128,0.4,0.6,0.5200657844543457
588,0,0.0,0.4,0.31,0.2,0.0024513556180998613,0.5882722389282715,0.2,0.8,0.0031217322684824467
589,0,0.0,0.0,0.22,0.0,3.968130473175068e-05,0.04541431402780649,0.0,0.0,0.0009229620918631555
590,0,0.0,0.0,0.24,0.0,0.028869731287633264,0.316507185627183,0.0,0.2,0.2552388310432434
591,0,0.6,0.2,0.51,0.4,0.3854466899403673,0.4022145866676488,0.0,0.4,0.1243901178240776
592,0,0.0,0.4,0.3,0.0,0.06214561344348157,0.06911625712987468,0.0,0.2,0.025093106552958492
593,0,0.0,0.0,0.16,0.0,7.594916122221216e-05,0.0020631967411650146,0.0,0.4,0.007091705687344073
594,0,0.0,0.0,0.1,0.0,0.0004775385095167251,0.060140414104677374,0.0,0.2,0.06119383871555328
595,0,0.2,0.2,0.37,0.0,0.009901856451057955,0.012922171627937924,0.4,0.0,0.0052812760695815095
596,0,0.0,0.0,0.25,0.0,0.005767792811392015,0.04561106726888761,0.0,0.2,0.030785761773586277
597,0,0.4,0.4,0.29,0.6,0.12954838343933528,0.8321435010161036,0.0,0.0,0.9082459807395936
598,0,0.4,0.2,1.0,0.4,0.8864123848660126,0.9200685375339164,0.4,0.4,0.22000528872013086
599,0,0.0,0.4,0.24,0.2,0.0660760524185156,0.026221576448883042,0.0,0.4,0.004703142214566468
600,0,0.2,0.2,0.43,0.2,0.0014594278034866439,0.02421275090083133,0.4,0.0,0.014880094677209852
601,0,0.6,0.6,0.31,0.2,0.919556969920324,0.5896738171481023,0.0,0.4,0.19052866101264954
602,0,0.4,0.6,0.5,0.4,0.26172681664653924,0.631746809967165,0.0,0.6,0.19976380467414856
603,0,0.0,0.0,0.23,0.0,0.0004169331271918743,0.006156972262520618,0.0,0.6,0.08498061448335648
604,0,0.0,0.2,0.39,0.2,0.0005986250511427874,0.1271387179718714,0.4,1.0,0.03614681214094162
605,0,0.0,0.2,0.38,0.2,0.00018512458103100225,0.02864687506308714,0.4,0.4,0.018576938658952716
606,0,0.8,0.0,0.45,0.6,0.8206219082892847,0.955709201691066,0.0,0.2,0.4606921076774597
607,0,0.6,0.0,0.19,1.0,0.00953073332477659,0.4577917665163912,0.2,0.2,0.0024790035095065828
608,0,0.2,0.4,0.29,0.2,0.00032713474416174327,0.10334525667200177,0.2,0.4,0.02062867023050785
609,0,0.0,0.2,0.23,0.0,0.0011790806114486054,0.5379835311184681,0.2,0.4,0.16599398851394653
610,0,0.2,0.2,0.21,0.2,0.0016600941786499915,0.0394530987437296,0.0,0.2,0.21781399846076965
611,0,0.8,0.8,0.79,0.6,0.9944356712410058,0.4708954788140308,0.8,0.6,0.9529783129692078
612,0,0.0,0.2,0.36,0.0,0.03844528685461596,0.019132001137990996,0.0,0.4,0.11240525543689728
613,0,0.0,0.2,0.25,0.0,0.001966315190857751,0.037710303966548384,0.0,1.0,0.02453649416565895
614,0,0.0,0.2,0.28,0.2,0.08574219723757928,0.010534613091166859,0.2,0.6,0.04460899531841278
615,0,0.0,0.6,0.24,0.4,0.6138119371977602,0.4666588789549119,0.2,0.4,0.14271126687526706
616,0,0.6,0.0,0.51,0.2,0.8834224126316262,0.9620967740994251,0.6,1.0,0.2588514983654022
617,0,0.0,0.0,0.25,0.0,0.000185156586602068,0.0480013915219566,0.0,0.4,0.002298242179676891
618,0,0.8,0.6,0.35,0.6,0.010068458433195815,0.13200297698293545,0.2,0.4,0.011074379086494446
619,0,0.0,0.0,0.065,0.0,0.0023411942083781663,0.018561984694516885,0.0,0.4,0.0005489041795954108
620,0,0.0,0.2,0.16,0.0,0.00010607526571896376,0.025389859553183538,0.0,0.4,0.009370299987494946
621,0,0.6,0.4,0.36,0.6,2.996065297164635e-05,0.31073882408626025,0.0,0.4,0.011952682398259641
622,0,0.2,0.0,0.09,0.4,0.0006496790965777705,0.1342854161534971,0.0,0.0,0.027041513472795486
623,0,0.4,0.0,0.2,0.6,7.847307582490841e-05,0.09524453152380148,0.0,0.0,0.0026914388872683053
624,0,0.2,0.0,0.31,0.6,0.010927017187876056,0.17697606959602585,0.4,0.0,0.0033612698316574092
625,0,0.8,0.0,0.605,0.6,1.5404619653285047e-05,0.9757127580538248,0.2,0.6,0.5552800893783569
626,0,0.4,0.0,0.53,0.4,0.012778068196192736,0.9983992154160258,0.2,0.8,0.5161646008491516
627,0,0.6,0.4,0.14,0.6,0.005330222336317905,0.004455908590869577,0.4,0.6,0.092900812625885
628,0,0.2,0.0,0.36,0.0,0.004851207097345761,0.0007821188362505718,0.0,0.4,0.4039624333381653
629,0,0.8,1.0,0.76,0.6,0.981108028439592,0.992697727727436,0.6,1.0,0.9938217401504515
630,0,0.8,0.2,0.68,0.4,4.109043712746058e-05,0.6566722865773544,0.6,0.6,0.11152133345603944
631,0,0.2,0.0,0.31,0.0,0.0006668999577127742,0.12737093127684987,0.2,0.4,0.08765632659196854
632,0,1.0,0.6,0.71,0.4,0.5558516425967132,0.991253485282304,0.0,0.8,0.9826221466064452
633,0,0.0,0.2,0.16,0.0,1.8843957915151086e-05,8.367980094237397e-05,0.2,0.2,0.0020484544802457094
634,0,1.0,0.0,0.53,0.4,0.0008286942069144057,0.5652671055218118,0.2,0.2,0.9898950457572936
635,0,0.2,0.0,0.55,0.2,7.070935977846233e-05,0.16732168146549695,0.0,0.6,0.01011580042541027
636,0,0.6,0.4,0.36,0.6,0.06872056071503058,0.3101626085649304,0.6,0.4,0.3561080992221832
637,0,0.6,0.4,0.29,0.4,4.215358927553736e-05,0.7282547658098446,0.2,0.2,0.07979736477136612
638,0,0.0,0.0,0.165,0.0,9.016051393797912e-06,0.0009375267043461976,0.0,0.2,0.0011217111023142934
639,0,0.2,0.0,0.135,0.0,0.00022543385715178632,0.00022181577428616236,0.0,0.0,0.013743852265179156
640,0,0.4,0.0,0.27,0.0,0.0005299913705389515,0.2873216185807712,0.6,0.0,0.032259102910757065
641,0,0.2,0.4,0.26,0.4,0.05733011743077648,0.6750724261271688,0.2,0.0,0.005581309087574482
642,0,0.8,0.2,0.63,1.0,0.0005733060431681854,0.10150744012963732,1.0,0.6,0.4603809118270874
643,0,0.2,0.4,0.16,0.0,0.07824282917605266,0.004016292108699758,0.2,0.2,0.743007481098175
644,0,0.2,0.0,0.52,0.0,2.419957764745254e-06,0.0016032659109341256,0.0,0.0,0.005394367501139641
645,0,0.0,0.6,0.52,0.0,0.020166022431491484,0.0016733525478033545,0.2,0.8,0.01255971472710371
646,0,0.6,0.0,0.525,0.2,9.111236027678958e-05,0.6544448211487709,0.4,0.4,0.0008373460150323807
647,0,0.4,0.6,0.66,0.8,0.001812035087460141,0.8104415461498548,0.6,0.8,0.03574605658650398
648,0,0.2,0.2,0.53,0.0,0.04036156362466226,0.009715525802091595,0.2,0.6,0.11977191269397736
649,0,0.0,0.0,0.0,0.0,2.5033121877561028e-06,0.024012611256001,0.0,0.2,0.005105240736156702
650,0,0.0,0.0,0.35,0.2,0.04996589121187653,0.0008781469600655713,0.6,0.0,0.18777471780776975
651,0,0.0,0.0,0.13,0.0,1.9767728229027162e-05,0.0254571382865764,0.0,0.2,0.016476085409522057
652,0,0.2,0.4,0.21,0.0,0.9999291320746696,0.053447775827217256,0.0,0.0,0.9666439890861512
653,0,0.0,0.2,0.28,0.0,4.0304209753850416e-05,0.005101129106497746,0.6,0.2,0.0015968902735039592
654,0,0.2,0.4,0.26,0.2,0.23808667553497656,0.016031639343143906,0.0,0.0,0.34691059589385986
655,0,0.6,0.2,0.7,0.6,0.6512545261139157,0.1099823617778971,0.6,0.8,0.6468190550804138
656,0,0.0,0.0,0.06,0.0,0.0004509336925672207,0.015047343625265447,0.0,0.0,0.021722281351685524
657,0,0.0,0.0,0.0,0.0,0.05418660003703154,0.2044614523287528,0.0,0.0,0.009608984924852848
658,0,0.8,0.4,0.66,0.4,0.7608127116390628,0.19413648845070705,0.4,0.0,0.15611779689788818
659,0,0.4,0.6,0.54,0.8,0.0035667374165859345,0.9914777126142392,0.4,0.6,0.01145351305603981
660,0,0.4,0.0,0.68,0.4,0.5567041320315612,0.9786482109456628,0.2,0.6,0.8481899499893188
661,0,0.0,0.0,0.0,0.0,1.85646519863575e-07,0.01557593039809324,0.0,0.0,0.0003475597768556326
662,0,0.4,0.0,0.51,0.0,0.0032369985044191888,0.8508116963456112,0.4,0.6,0.09232784062623978
663,0,0.4,0.0,0.59,0.2,0.003918916147489719,0.5355859783777864,0.4,0.2,0.9020586609840392
664,0,0.0,0.0,0.3,0.2,0.00011225713223573632,0.03780812890438295,0.4,0.2,0.05079670995473862
665,0,0.4,0.0,0.58,0.0,0.00020292967221755028,0.4096474378960877,0.6,0.4,0.28456759452819824
666,0,0.2,0.0,0.26,0.0,0.14936111617465211,0.016126554008510614,0.2,0.2,0.3979312777519226
667,0,0.2,0.2,0.3,0.4,0.000197435034109244,0.03113424776430878,0.4,0.4,0.06937622278928758
668,0,0.0,0.2,0.12,0.2,0.003505593828437395,0.08154364407294366,0.2,0.0,0.02168584801256657
669,0,0.4,0.4,0.14,0.0,0.9998457480535462,0.04249393596478837,0.2,0.0,0.9835056662559508
670,0,0.0,0.2,0.44,0.2,0.004060617922159514,0.05020279610910115,0.2,0.4,0.039677657186985016
671,0,0.6,0.4,0.46,0.2,0.061498863417629814,0.028729352403740343,0.4,0.4,0.7076242566108704
672,0,0.6,0.0,0.6,0.6,0.7745440519345881,0.9179555844836466,1.0,0.4,0.7820963859558105
673,0,0.0,0.2,0.0,0.2,0.00011060058286688303,0.03184389961536094,0.2,0.0,0.008044465444982052
674,0,0.2,0.4,0.42,0.6,6.970362545387712e-05,0.0530871651538529,0.2,0.4,0.004671042785048485
675,0,0.0,0.0,0.34,0.2,0.3260518276070704,0.017515086033968296,0.2,0.0,0.1211014986038208
676,0,0.0,0.2,0.2,0.0,3.555703704634779e-05,0.2368458091026477,0.2,0.0,0.008265186101198195
677,0,0.0,0.0,0.31,0.2,2.472338000541816e-05,0.0705200504091959,0.0,0.4,0.0003365360898897052
678,0,0.0,0.0,0.32,0.0,5.563024410754198e-05,0.058087752170956186,0.2,0.2,0.2361821532249451
679,0,0.2,0.0,0.04,0.2,8.40741444075114e-05,0.01004955287832438,0.0,0.2,0.0016336939297616482
680,0,0.4,0.2,0.0,0.2,0.00015721497324857432,0.0011374496692428439,0.0,0.2,0.009730019606649877
681,0,0.2,0.4,0.1,0.4,3.8549417295377655e-05,0.1234797486641024,0.0,0.2,0.06493597477674484
682,0,0.0,0.0,0.35,0.0,8.434051141846756e-05,0.10945545583015524,0.4,0.4,0.05431129038333893
683,0,0.0,0.0,0.09,0.0,3.2163830518628283e-06,0.00010461150169863571,0.0,0.0,0.002642508596181869
684,0,0.2,0.0,0.13,0.2,4.863467323454218e-06,0.3380370608650373,0.0,0.0,0.004371143411844969
685,0,0.0,0.8,0.16,0.0,0.011047954711431643,0.015941980335324398,0.0,0.2,0.8112941384315491
686,0,1.0,0.2,0.46,0.4,0.8117397799757433,0.9880692097944592,0.4,0.6,0.8536159992218018
687,0,0.8,0.0,0.69,0.4,0.0002208698715947896,0.9869269206881008,0.0,1.0,0.023121224716305733
688,0,0.0,0.4,0.2,0.0,0.004563710742182774,0.008734157659528721,0.0,0.2,0.1580989509820938
689,0,0.0,0.2,0.12,0.0,0.00224682087122287,0.006965692632792946,0.0,0.4,0.03457854315638542
690,0,0.2,0.2,0.04,0.0,5.329675840368001e-05,0.013915033855203918,0.2,0.0,0.010863957926630974
691,0,0.8,0.2,0.46,0.4,0.00703127392833773,0.1810783665399175,0.2,0.2,0.06227730959653855
692,0,0.2,0.2,0.32,0.4,0.15298486696212524,0.5223681160840473,0.2,0.6,0.17869971692562106
693,0,0.2,0.0,0.275,0.0,0.0013784672691322822,0.0009814951956214236,0.4,0.4,0.08209261298179626
694,0,0.6,0.0,0.51,0.0,0.6559610760047964,0.6224145194559167,0.4,0.8,0.7421953678131104
695,0,0.0,0.2,0.24,0.0,0.041175498989618975,0.018328368964416773,0.0,0.0,0.34289976954460144
696,0,0.4,0.0,0.49,0.6,0.00011924829116216992,0.8213259070379454,0.2,0.4,0.06553740799427032
697,0,0.0,0.6,0.25,0.0,0.13976971804587446,0.07078624520326779,0.0,0.4,0.029223838821053505
698,0,0.2,0.0,0.25,0.2,9.573286909591223e-06,0.24414085119548154,0.2,0.8,0.057952497154474265
699,0,0.2,0.0,0.22,0.2,0.2386071007702311,0.0418002964724306,0.2,0.0,0.013144811615347862
700,0,0.8,0.2,0.58,0.8,0.5749022062372554,0.9784179749115994,0.6,1.0,0.9753432273864746
701,0,0.2,0.4,0.41,0.2,0.6446994600806301,0.6632814276067291,0.2,0.4,0.4882157444953919
702,0,0.2,0.2,0.36,0.2,0.03707144016970677,0.07513117118934479,0.2,0.0,0.027079645544290543
703,0,0.4,0.0,0.19,0.4,9.092969689478283e-05,0.17247640622753066,0.2,1.0,0.008081527426838875
704,0,0.2,0.0,0.09,0.0,1.712315814505038e-05,0.020781012498646917,0.2,0.0,0.003750963369384408
705,0,0.6,0.8,0.62,0.6,0.9996268503212596,0.9662696027833538,0.2,0.6,0.9980120658874512
706,0,0.0,0.0,0.3,0.0,0.03337587134529345,0.0008044215011189859,0.0,0.4,0.005390508566051722
707,0,0.8,0.8,0.67,0.8,0.38641415621393177,0.3397847884898021,0.4,0.4,0.8277229070663452
708,0,0.6,0.6,0.65,0.4,0.29498051156617056,0.3371434526746069,0.4,0.6,0.7389570474624634
709,0,0.0,0.0,0.07,0.0,0.023419292514714533,0.004406491935371679,0.0,0.0,0.021520813927054402
710,0,0.2,0.0,0.05,0.2,5.5961344657820216e-05,0.0057870071518023826,0.0,0.0,0.0042377421632409104
711,0,0.0,0.2,0.43,0.4,0.11037117776342326,0.8651879030633282,0.6,0.0,0.36108946800231934
712,0,0.0,0.0,0.23,0.0,4.120889081647544e-05,0.0003651701340795237,0.2,0.2,0.0004241937422193587
713,0,1.0,0.4,0.57,0.6,0.07643480165938513,0.9578283003219468,0.4,0.8,0.3734303712844849
714,0,0.2,0.0,0.19,0.0,9.458072396740216e-05,0.001927719880761056,0.0,0.2,0.010537877678871157
715,0,0.0,0.0,0.07,0.6,0.09722400664131817,0.029937668403369026,0.2,0.0,0.030816657468676567
716,0,0.0,0.0,0.15,0.0,0.14828929490899212,0.04173040231046783,0.0,0.8,0.024760261178016663
717,0,0.4,0.0,0.52,0.4,3.040396952225016e-05,0.3792478360590382,0.2,0.6,0.4268848299980164
718,0,0.6,0.2,0.19,0.8,4.86097015899284e-06,0.029250538162626082,0.2,0.2,0.003374109975993633
719,0,0.8,0.0,0.59,0.6,0.016971419669944584,0.9673277415281348,0.4,0.2,0.07328545302152634
720,0,0.4,0.6,0.65,1.0,0.9897034239696642,0.9035575626862332,0.6,0.6,0.4203723669052124
721,0,0.4,0.2,0.21,0.0,1.4866279470922225e-06,0.0427975300348931,0.0,0.0,0.0005636390415020287
722,0,0.0,0.4,0.08,0.4,0.0002653296732890006,0.008486028176923165,0.0,0.4,0.01327594928443432
723,0,0.2,0.2,0.4,0.2,0.4818061883669486,0.04318102663169245,0.2,0.0,0.6395741701126099
724,0,0.2,0.2,0.34,0.0,0.2840956303036403,0.5170470850622573,0.0,0.6,0.004814884159713984
725,0,0.2,0.0,0.07,0.0,7.451959702091392e-05,0.022710854173579268,0.0,0.2,0.014336309395730497
726,0,0.2,0.0,0.03,0.0,6.898052034715101e-05,0.0111471188124156,0.0,0.2,0.00940670445561409
727,0,0.0,0.0,0.27,0.0,0.0005684451386196228,0.035709198553252906,0.0,0.2,0.008203103207051754
728,0,0.0,0.2,0.03,0.0,0.00010835437776273518,0.023843291217974037,0.0,0.2,0.005573385860770941
729,0,0.0,0.2,0.08,0.2,0.004086521348630542,0.6344559529201582,0.0,0.0,0.13880443572998047
730,0,0.2,0.0,0.23,0.4,5.516815895601258e-05,0.591163787283685,0.2,0.4,0.00987311266362667
731,0,0.0,0.2,0.05,0.0,0.0008654086622756527,0.0464589373806352,0.0,0.0,0.007957586087286472
732,0,1.0,0.2,0.29,1.0,0.967800706506726,0.9892222231543226,0.2,0.8,0.8967945575714111
733,0,0.6,0.6,0.39,0.6,0.9530952851039354,0.07620970081303101,0.8,0.6,0.5724786520004272
734,0,0.2,0.4,0.23,0.2,0.5281384316513227,0.07237676571170037,0.0,0.2,0.15839403867721558
735,0,0.2,0.2,0.02,0.2,0.00021234858272386879,0.006491973437327061,0.0,0.4,0.01156242098659277
736,0,0.0,0.0,0.06,0.0,5.776473283149324e-05,0.006082463612941326,0.0,0.2,0.02267083153128624
737,0,0.0,0.0,0.09,0.0,6.302833700746082e-05,0.056313926797781785,0.0,0.6,0.0005200763698667288
738,0,0.0,0.0,0.24,0.0,0.01805626822520545,0.008617860496411726,0.4,0.4,0.43053656816482544
739,0,0.0,0.0,0.27,0.4,0.002697009256050825,0.09271585341853188,0.4,0.4,0.01954641193151474
740,0,0.0,0.0,0.25,0.0,0.26535107386508344,0.014347754191674831,0.4,0.2,0.026840923354029652
741,0,0.2,0.4,0.27,0.0,0.0019885471646100246,0.026788072339033613,0.0,0.6,0.22204570472240448
742,0,0.2,0.0,0.02,0.2,0.0009965636583095811,0.014614067901945424,0.0,0.4,0.011058609001338482
743,0,0.4,0.2,0.0,0.2,0.00023762051201233644,0.005699564274567937,0.2,0.2,0.04219572991132736
744,0,0.0,0.4,0.36,0.0,0.69956646375032,0.403485285804799,0.2,0.2,0.07308074086904526
745,0,0.0,0.0,0.21,0.0,0.0016470640305064946,0.22222652242864205,0.2,0.4,0.005090978462249041
746,0,0.8,0.4,0.65,0.6,0.0804826669441483,0.8474075615282353,0.6,0.6,0.6659134030342102
747,0,1.0,0.0,0.45,0.6,0.0433493430108708,0.7393851888917843,0.0,0.8,0.027651919052004814
748,0,0.2,0.4,0.26,0.0,0.07187643515368805,0.02613484370431153,0.2,0.6,0.11484407633543015
749,0,0.2,0.0,0.1,0.4,0.00012657729417690205,0.6791188365688225,0.0,0.2,0.003224558895453811
750,0,0.6,0.0,0.0,0.0,0.010071042118279366,0.11139911197594933,0.2,0.2,0.09417542070150377
751,0,0.0,0.2,0.51,0.2,0.004067957966888082,0.2595725121684829,0.4,0.4,0.7658314108848572
752,0,0.2,0.4,0.15,0.0,0.04797924064966275,0.12069595807841516,0.0,0.4,0.4095388948917389
753,0,0.2,0.2,0.065,0.2,9.609335366692823e-06,0.001287200247041495,0.0,0.2,0.07863426208496094
754,0,1.0,0.2,0.46,0.8,0.003082097160916425,0.30392321541937123,0.0,0.8,0.1278214454650879
755,0,0.0,0.4,0.24,0.2,0.010115673180313771,0.024129697981119438,0.2,0.2,0.010202286764979362
756,0,0.2,0.4,0.15,0.4,0.001091856022172994,0.31178602023457225,0.0,0.2,0.03030508942902088
757,0,0.0,0.0,0.11,0.0,0.0631738068150074,0.17169486621831995,0.0,0.2,0.08484295010566711
758,0,0.6,0.2,0.21,0.4,0.005236641550720475,0.5296122378462716,0.2,0.8,0.03367612138390541
759,0,0.2,0.6,0.51,0.4,0.5277689390194075,0.37808494911835744,0.8,1.0,0.3483668863773346
760,0,0.2,0.4,0.26,0.2,0.3414257037321498,0.029929400395446174,0.0,0.2,0.7603592276573181
761,0,0.4,0.2,0.23,0.2,0.02459663957458568,0.10224551227037533,0.0,0.0,0.007287369575351477
762,0,0.8,0.2,0.5,0.4,0.996577774049173,0.2444887240189367,0.6,0.4,0.94975084066391
763,0,0.2,0.6,0.81,0.2,0.91344391670656,0.6012268351141483,0.2,0.4,0.7469847798347473
764,0,0.4,0.6,0.51,0.4,0.19735632521886665,0.6536020441627932,0.4,0.8,0.626761257648468
765,0,1.0,0.6,0.74,1.0,0.6252399339073557,0.8026336009039245,1.0,0.6,0.8245256543159485
766,0,0.4,0.0,0.3,0.6,0.036780151694540575,0.6102709170663101,0.2,1.0,0.0871836319565773
767,0,0.2,0.2,0.36,0.2,0.009488840728976431,0.4689388273849796,0.0,0.8,0.017498871311545372
768,0,0.0,0.0,0.17,0.0,0.0007374567093895331,0.01393386947384798,0.2,0.4,0.006684382446110249
769,0,0.4,0.6,0.81,0.4,0.2749477829786551,0.8297566449391591,0.2,0.4,0.4630267918109894
770,0,0.0,0.0,0.25,0.0,0.002532165799032037,0.04748110674270075,0.0,1.0,0.07527077198028563
771,0,0.6,0.8,0.36,1.0,0.8869971935612327,0.6331841343413629,0.2,0.6,0.7482894062995911
772,0,0.4,0.4,0.16,0.6,0.01169035023133732,0.30660789887760065,0.4,0.2,0.11949376761913301
773,0,0.2,0.4,0.41,0.6,0.000730197831926473,0.5965905768346678,0.6,0.6,0.05067329853773117
774,0,0.8,0.8,0.1,0.8,0.0024633598617296052,0.5147649444494763,0.2,0.6,0.03270641714334488
775,0,0.4,0.6,0.24,0.4,0.004672287878357103,0.02108923425781124,0.6,0.2,0.004220412578433752
776,0,0.6,0.2,0.68,0.8,0.4250706746210277,0.5066031579569725,0.8,0.6,0.0424450971186161
777,0,0.0,0.2,0.19,0.0,0.2506743634744013,0.08978118041627273,0.0,0.0,0.12590819597244265
778,0,0.4,0.8,0.31,0.4,0.8644710455715274,0.7312484798016152,0.4,0.4,0.8382269144058228
779,0,0.4,0.0,0.26,0.0,9.515743337400608e-05,0.028738855967975374,0.0,0.2,0.015510563738644125
780,0,0.0,0.2,0.23,0.0,0.00530907473740572,0.019050193184696904,0.0,0.2,0.04148541763424874
781,0,0.2,0.0,0.29,0.0,6.187214302898771e-05,0.15312715392706278,0.2,0.6,0.008990717120468616
782,0,0.0,0.0,0.31,0.0,0.301729128277209,0.024085500822976436,0.2,0.8,0.07430151104927063
783,0,0.8,0.6,0.07,0.8,0.028027763985511264,0.3695847404916252,0.0,0.6,0.059056762605905526
784,0,0.2,0.2,0.14,0.0,0.00037590329369136064,0.08123819227573569,0.2,0.0,0.04489389434456825
785,0,0.2,0.2,0.42,0.6,0.19524212972633664,0.1706623806391586,0.2,0.8,0.051172249019145966
786,0,0.8,0.2,0.27,0.6,0.02463633173970716,0.3067971483085202,0.0,0.0,0.05370351672172546
787,0,0.0,0.2,0.34,0.0,0.0144099360367994,0.1353274434255486,0.2,0.4,0.004001099150627852
788,0,0.0,0.4,0.33,0.2,0.0007120791788891255,0.11359382081943638,0.0,0.4,0.003563905833289027
789,0,0.6,0.2,0.34,0.4,0.00034262906660739403,0.7583707777253608,0.4,0.4,0.08455653488636017
790,0,0.0,0.2,0.19,0.0,0.0006740341457620281,0.07207759126225988,0.0,0.4,0.006228684913367033
791,0,0.0,0.2,0.17,0.0,0.005389874224040489,0.019471782988964084,0.0,0.2,0.009007995016872885
792,0,0.6,0.4,0.34,0.6,0.11769251341315065,0.4605844187258199,0.4,0.4,0.2389744222164154
793,0,0.2,0.6,0.27,0.6,0.03485912501729981,0.32554137846888304,0.2,0.2,0.04220402613282204
794,0,0.4,0.0,0.29,0.2,0.0012942962926359314,0.15654274224154996,0.4,0.2,0.005682972259819508
795,0,0.2,0.2,0.47,0.0,0.0021452213399893788,0.052804082280847715,0.2,0.8,0.005630488973110914
796,0,0.2,0.4,0.26,0.4,0.00023970262653409224,0.023010830077093817,0.0,0.0,0.060489881783723824
797,0,0.0,0.4,0.29,0.0,0.011986149564082352,0.05777375116696819,0.0,0.2,0.002102161291986704
798,0,0.2,0.2,0.68,0.4,0.028515609301733517,0.3673753801623679,0.6,1.0,0.03047688491642475
799,0,0.2,0.2,0.15,0.6,0.0004264413032591331,0.1821589824091072,0.4,0.0,0.010459605604410172
800,0,0.0,0.0,0.3,0.2,0.04397997315518473,0.15524958856089438,0.2,0.2,0.007895379327237606
801,0,0.6,0.4,0.35,0.8,0.19340523538660595,0.3565730774939606,0.0,0.2,0.5481210350990295
802,0,0.2,0.4,0.51,0.2,0.07851579152341226,0.9562969109484838,0.0,0.6,0.8322127461433411
803,0,0.0,0.2,0.24,0.0,0.06624714778464467,0.003248293342660621,0.2,0.8,0.5742295980453491
804,0,0.4,0.2,0.02,0.6,8.250319313183368e-05,0.24618710061770185,0.2,0.2,0.01628817617893219
805,0,0.2,0.0,0.24,0.0,0.012031749462273521,0.30610532741785623,0.0,0.2,0.08681398630142212
806,0,0.0,0.0,0.27,0.0,0.016485805526927192,0.0473711522940793,0.2,0.4,0.002891987795010209
807,0,0.4,0.0,0.26,0.4,0.0011469723470828494,0.23690248479314194,0.2,0.2,0.0011687078513205054
808,0,0.6,0.6,0.28,0.8,0.028125918827342673,0.8628202533795625,0.2,0.8,0.1798759251832962
809,0,0.2,0.0,0.52,0.0,0.0005345304277712557,0.3566699031170479,0.2,0.0,0.000482658069813624
810,0,0.4,0.6,0.16,0.2,0.0011080323675671019,0.1638892232200931,0.2,0.4,0.009229701943695543
811,0,0.2,0.0,0.0,0.0,0.0005261535563312102,0.07132018733909541,0.0,0.2,0.0007303230231627822
812,0,0.4,0.6,0.08,0.2,0.0011008615739397931,0.16762752799975614,0.0,0.4,0.0013703135773539545
813,0,0.6,0.0,0.59,0.0,0.018956320877357144,0.4002216492623158,0.0,0.8,0.004343418870121241
814,0,0.4,0.6,0.53,0.4,0.10799037470269936,0.2733636154512207,0.4,0.4,0.5427668094635011
815,0,0.0,0.4,0.34,0.2,2.2634182591319848e-05,0.13841101558156993,0.2,0.4,0.19792993366718287
816,0,0.0,0.2,0.34,0.0,0.0643705301528603,0.01462799795690039,0.0,1.0,0.16262800991535187
817,0,0.0,0.0,0.12,0.2,0.0002735757110729747,0.02091056381442217,0.2,0.0,0.003209317568689585
818,0,0.2,0.6,0.21,0.8,0.011466583683158836,0.7114948728375716,0.0,0.8,0.6361126303672789
819,0,0.2,0.0,0.2,0.2,0.055387540851509584,0.056210094410541526,0.0,0.6,0.0005678141606040299
820,0,0.8,0.2,0.46,0.4,0.010046908846305134,0.8291943561263644,0.6,0.8,0.03082078881561756
821,0,0.0,0.4,0.19,0.0,0.0021535932712188747,0.3698693719648937,0.2,0.2,0.017115123569965363
822,0,0.0,0.0,0.54,0.0,0.0017216076655078769,0.06638645972308836,0.2,0.4,0.0024082264862954612
823,0,0.0,0.0,0.0,0.0,0.0011155457346080867,0.05018519852824743,0.0,0.2,0.0012291530147194862
824,0,0.2,0.2,0.1,0.0,0.0006602181391683507,0.06284793563849958,0.0,0.0,0.0011046591680496929
825,0,0.4,0.6,0.33,0.4,0.04300172685252344,0.8695846061862967,0.2,0.0,0.08293589949607849
826,0,0.0,0.0,0.23,0.0,0.002340011065773773,0.03915263235716455,0.2,0.0,0.001779715879820287
827,0,0.2,0.2,0.18,0.4,0.003468943347230563,0.353145396326948,0.0,0.0,0.005704073701053858
